fbref_name,fpl_name,fuzzy_score,total_points,review,duplicated,missing_matchlogs
Patrick van Aanholt,Patrick van Aanholt,100.0,496.0,,,
Charlie Adam,Charlie Adam,100.0,69.0,,,
Albert Adomah,Albert Adomah,100.0,3.0,,,
Adrián,Adrián San Miguel del Castillo,100.0,174.0,,,
Ibrahim Afellay,Ibrahim Afellay,100.0,21.0,,,
Benik Afobe,Benik Afobe,100.0,112.0,,,
Sergio Agüero,Sergio Agüero,100.0,715.0,,,
Dan Agyei,Daniel Agyei,86.0,3.0,1.0,,
Ola Aina,Ola Aina,100.0,105.0,,,
Nathan Aké,Nathan Aké,100.0,628.0,,,
Marc Albrighton,Marc Albrighton,100.0,434.0,,,
Toby Alderweireld,Toby Alderweireld,100.0,455.0,,,
Trent Alexander-Arnold,Trent Alexander-Arnold,100.0,1125.0,,,
Joe Allen,Joe Allen,100.0,227.0,,,
Dele Alli,Dele Alli,100.0,678.0,,,
Ryan Allsop,Ryan Allsop,100.0,3.0,,,
Marcos Alonso,Marcos Alonso,100.0,788.0,,,
Daniel Amartey,Daniel Amartey,100.0,206.0,,,
Jordi Amat,Jordi Amat,100.0,21.0,,,
Nordin Amrabat,Nordin Amrabat,100.0,71.0,,,
Victor Anichebe,Victor Anichebe,100.0,48.0,,,
Michail Antonio,Michail Antonio,100.0,839.0,,,
Ikechi Anya,Ikechi Anya,100.0,1.0,,,
Álvaro Arbeloa,Álvaro Arbeloa,100.0,0.0,,,
Scott Arfield,Scott Arfield,100.0,125.0,,,
Marko Arnautović,Marko Arnautovic,94.0,378.0,,,
Harry Arter,Harry Arter,100.0,159.0,,,
Joel Asoro,Joel Asoro,100.0,1.0,,,
Charlie Austin,Charlie Austin,100.0,185.0,,,
Daniel Ayala,Daniel Ayala,100.0,31.0,,,
André Ayew,André Ayew,100.0,177.0,,,
Jordan Ayew,Jordan Ayew,100.0,684.0,,,
César Azpilicueta,César Azpilicueta,100.0,878.0,,,
Eric Bailly,Eric Bailly,100.0,218.0,,,
Leighton Baines,Leighton Baines,100.0,238.0,,,
Patrick Bamford,Patrick Bamford,100.0,313.0,,,
Phil Bardsley,Phil Bardsley,100.0,173.0,,,
Ross Barkley,Ross Barkley,100.0,478.0,,,
Ashley Barnes,Ashley Barnes,100.0,440.0,,,
Antonio Barragán,Antonio Barragán,100.0,71.0,,,
Modou Barrow,Modou Barrow,100.0,34.0,,,
Gareth Barry,Gareth Barry,100.0,124.0,,,
Joey Barton,Joey Barton,100.0,37.0,,,
Borja Bastón,Borja Bastón,100.0,32.0,,,
Michy Batshuayi,Michy Batshuayi,100.0,190.0,,,
Asmir Begović,Asmir Begović,100.0,22.0,,,
Valon Behrami,Valon Behrami,100.0,48.0,,,
Héctor Bellerín,Héctor Bellerín,100.0,449.0,,,
Yohan Benalouane,Yohan Benalouane,100.0,28.0,,,
Christian Benteke,Christian Benteke,100.0,459.0,,,
Jonathan Benteke,Jonathan Benteke,100.0,1.0,,,
Saido Berahino,Saido Berahino,100.0,46.0,,,
Jóhann Berg Guðmundsson,Jóhann Berg Gudmundsson,96.0,47.0,,,
Ryan Bertrand,Ryan Bertrand,100.0,439.0,,,
Mame Biram Diouf,Mame Biram Diouf,100.0,150.0,,,
Daley Blind,Daley Blind,100.0,126.0,,,
Yannick Bolasie,Yannick Bolasie,100.0,80.0,,,
Wilfried Bony,Wilfried Bony,100.0,62.0,,,
Fabio Borini,Fabio Borini,100.0,49.0,,,
Artur Boruc,Artur Boruc,100.0,166.0,,,
Sofiane Boufal,Sofiane Boufal,100.0,129.0,,,
Jarrod Bowen,Jarrod Bowen,100.0,724.0,,,
George Boyd,George Boyd,100.0,92.0,,,
Robbie Brady,Robbie Brady,100.0,191.0,,,
Claudio Bravo,Claudio Bravo,100.0,94.0,,,
Miguel Britos,Miguel Britos,100.0,96.0,,,
Leon Britton,Leon Britton,100.0,42.0,,,
Chris Brunt,Chris Brunt,100.0,180.0,,,
Jack Butland,Jack Butland,100.0,177.0,,,
Sam Byram,Sam Byram,100.0,86.0,,,
Willy Caballero,Willy Caballero,100.0,104.0,,,
Yohan Cabaye,Yohan Cabaye,100.0,164.0,,,
Martín Cáceres,Martín Cáceres,100.0,2.0,,,
Gary Cahill,Gary Cahill,100.0,377.0,,,
Jonathan Calleri,Jonathan Calleri,100.0,23.0,,,
Dominic Calvert-Lewin,Dominic Calvert-Lewin,100.0,687.0,,,
Geoff Cameron,Geoff Cameron,100.0,91.0,,,
Fraizer Campbell,Fraizer Campbell,100.0,16.0,,,
Emre Can,Emre Can,100.0,196.0,,,
Étienne Capoue,Etienne Capoue,93.0,336.0,,,
Baily Cargill,Baily Cargill,100.0,1.0,,,
Michael Carrick,Michael Carrick,100.0,46.0,,,
Andy Carroll,Andy Carroll,100.0,181.0,,,
Tom Carroll,Tom Carroll,100.0,137.0,,,
Joel Castro Pereira,Joel Dinis Castro Pereira,95.0,6.0,,,
Craig Cathcart,Craig Cathcart,100.0,265.0,,,
Lee Cattermole,Lee Cattermole,100.0,12.0,,,
Santi Cazorla,Santiago Cazorla,90.0,38.0,,,
Petr Čech,Petr Cech,89.0,282.0,1.0,,
Nacer Chadli,Nacer Chadli,100.0,125.0,,,
Nathaniel Chalobah,Nathaniel Chalobah,100.0,72.0,,,
Calum Chambers,Calum Chambers,100.0,301.0,,,
Ben Chilwell,Ben Chilwell,100.0,604.0,,,
Lee Chung-yong,Chung-yong Lee,95.0,32.0,,,
Jordy Clasie,Jordy Clasie,100.0,38.0,,,
Adam Clayton,Adam Clayton,100.0,70.0,,,
Tom Cleverley,Tom Cleverley,100.0,219.0,,,
Gaël Clichy,Gaël Clichy,100.0,87.0,,,
Sam Clucas,Sam Clucas,100.0,162.0,,,
Nathaniel Clyne,Nathaniel Clyne,100.0,342.0,,,
Séamus Coleman,Seamus Coleman,93.0,597.0,,,
James Collins,James Collins,100.0,105.0,,,
Lewis Cook,Lewis Cook,100.0,261.0,,,
Steve Cook,Steve Cook,100.0,352.0,,,
Francis Coquelin,Francis Coquelin,100.0,59.0,,,
Jack Cork,Jack Cork,100.0,391.0,,,
Diego Costa,Diego Da Silva Costa,100.0,229.0,,,
Thibaut Courtois,Thibaut Courtois,100.0,277.0,,,
Philippe Coutinho,Philippe Coutinho,100.0,274.0,,,
Aaron Cresswell,Aaron Cresswell,100.0,641.0,,,
Peter Crouch,Peter Crouch,100.0,160.0,,,
Charlie Daniels,Charlie Daniels,100.0,275.0,,,
Scott Dann,Scott Dann,100.0,206.0,,,
Matteo Darmian,Matteo Darmian,100.0,111.0,,,
Ben Davies,Ben Davies,100.0,630.0,,,
Curtis Davies,Curtis Davies,100.0,38.0,,,
Tom Davies,Tom Davies,100.0,299.0,,,
Steven Davis,Steven Davis,100.0,157.0,,,
Craig Dawson,Craig Dawson,100.0,559.0,,,
Michael Dawson,Michael Dawson,100.0,46.0,,,
Kevin De Bruyne,Kevin De Bruyne,100.0,1322.0,,,
Mathieu Debuchy,Mathieu Debuchy,100.0,1.0,,,
Troy Deeney,Troy Deeney,100.0,430.0,,,
Jermain Defoe,Jermain Defoe,100.0,230.0,,,
Steven Defour,Steven Defour,100.0,126.0,,,
Damien Delaney,Damien Delaney,100.0,52.0,,,
Fabian Delph,Fabian Delph,100.0,147.0,,,
Mousa Dembélé,Mousa Dembélé,100.0,142.0,,,
Jason Denayer,Jason Denayer,100.0,56.0,,,
Mike van der Hoorn,Mike van der Hoorn,100.0,90.0,,,
Gerard Deulofeu,Gerard Deulofeu,100.0,259.0,,,
Eric Dier,Eric Dier,100.0,577.0,,,
Adama Diomande,Adama Diomande,100.0,42.0,,,
Papy Djilobodji,Papy Djilobodji,100.0,24.0,,,
Abdoulaye Doucouré,Abdoulaye Doucouré,100.0,764.0,,,
Stewart Downing,Stewart Downing,100.0,77.0,,,
Danny Drinkwater,Daniel Drinkwater,100.0,99.0,,,
Nathan Dyer,Nathan Dyer,100.0,53.0,,,
Ovie Ejaria,Oviemuno Ejaria,85.0,2.0,1.0,,
Omar Elabdellaoui,Omar Elabdellaoui,100.0,13.0,,,
Andrew Eleftheriou,Andrew Eleftheriou,100.0,0.0,,,
Ahmed Elmohamady,Ahmed Elmohamady,100.0,62.0,,,
Mohamed Elneny,Mohamed Elneny,100.0,70.0,,,
Christian Eriksen,Christian Eriksen,100.0,814.0,,,
Bernardo Espinosa,Bernardo Espinosa Zúñiga,95.0,35.0,,,
Jonny Evans,Jonny Evans,100.0,575.0,,,
Łukasz Fabiański,Lukasz Fabianski,88.0,919.0,1.0,,
Fábio,Fabio Pereira da Silva,100.0,58.0,,,
Cesc Fàbregas,Cesc Fàbregas,100.0,216.0,,,
Adam Federici,Adam Federici,100.0,8.0,,,
Sofiane Feghouli,Sofiane Feghouli,100.0,55.0,,,
Marouane Fellaini,Marouane Fellaini,100.0,121.0,,,
Leroy Fer,Leroy Fer,100.0,136.0,,,
Edimilson Fernandes,Edimilson Fernandes,100.0,67.0,,,
Federico Fernández,Federico Fernández,100.0,361.0,,,
Fernandinho,Fernando Luiz Rosa,100.0,442.0,,,
Fernando,Fernando Francisco Reges,90.0,18.0,,,
Sam Field,Sam Field,100.0,35.0,,,
Roberto Firmino,Roberto Firmino,100.0,983.0,,,
Viktor Fischer,Viktor Fischer,100.0,25.0,,,
Mathieu Flamini,Mathieu Flamini,100.0,12.0,,,
Jon Flanagan,Jon Flanagan,100.0,9.0,,,
Ashley Fletcher,Ashley Fletcher,100.0,19.0,,,
Darren Fletcher,Darren Fletcher,100.0,170.0,,,
Michael Folivi,Michael Folivi,100.0,1.0,,,
José Fonte,Jose Fonte,90.0,132.0,,,
Adam Forshaw,Adam Forshaw,100.0,131.0,,,
Fraser Forster,Fraser Forster,100.0,336.0,,,
Ben Foster,Ben Foster,100.0,583.0,,,
Timothy Fosu-Mensah,Timothy Fosu-Mensah,100.0,69.0,,,
Simon Francis,Simon Francis,100.0,201.0,,,
Ryan Fraser,Ryan Fraser,100.0,579.0,,,
George Friend,George Friend,100.0,59.0,,,
Zeki Fryers,Ezekiel Fryers,88.0,9.0,1.0,,
Christian Fuchs,Christian Fuchs,100.0,214.0,,,
Jay Fulton,Jay Fulton,100.0,20.0,,,
Ramiro Funes Mori,Ramiro Funes Mori,100.0,72.0,,,
Manolo Gabbiadini,Manolo Gabbiadini,100.0,127.0,,,
Brendan Galloway,Brendan Galloway,100.0,9.0,,,
Idrissa Gana Gueye,Idrissa Gueye,95.0,371.0,,,
Aleix García,Aleix García Serrano,90.0,4.0,,,
Craig Gardner,Craig Gardner,100.0,14.0,,,
David de Gea,David De Gea,100.0,120.0,,,
Rudy Gestede,Rudy Gestede,100.0,21.0,,,
Kieran Gibbs,Kieran Gibbs,100.0,136.0,,,
Ben Gibson,Ben Gibson,100.0,180.0,,,
Darron Gibson,Darron Gibson,100.0,17.0,,,
Olivier Giroud,Olivier Giroud,100.0,363.0,,,
Shay Given,Shay Given,100.0,13.0,,,
Evandro Goebel,Evandro Goebel,100.0,18.0,,,
Angel Gomes,Angel Gomes,100.0,5.0,,,
Heurelho Gomes,Heurelho Gomes,100.0,177.0,,,
Lynden Gooch,Lynden Gooch,100.0,12.0,,,
Dan Gosling,Dan Gosling,100.0,227.0,,,
Lewis Grabban,Lewis Grabban,100.0,6.0,,,
Max Gradel,Max Gradel,100.0,8.0,,,
Lee Grant,Lee Grant,100.0,111.0,,,
Andre Gray,Andre Gray,100.0,309.0,,,
Demarai Gray,Demarai Gray,100.0,464.0,,,
Kamil Grosicki,Kamil Grosicki,100.0,51.0,,,
Marko Grujić,Marko Grujic,92.0,7.0,,,
Adlène Guedioura,Adlène Guédioura,94.0,26.0,,,
İlkay Gündoğan,Ilkay Gündogan,93.0,714.0,,,
Brad Guzan,Bradley Guzan,87.0,36.0,1.0,,
Josh Harrop,Joshua Harrop,92.0,8.0,,,
Eden Hazard,Eden Hazard,100.0,635.0,,,
Tom Heaton,Tom Heaton,100.0,274.0,,,
Jordan Henderson,Jordan Henderson,100.0,575.0,,,
Jeff Hendrick,Jeff Hendrick,100.0,361.0,,,
Wayne Hennessey,Wayne Hennessey,100.0,277.0,,,
Markus Henriksen,Markus Henriksen,100.0,20.0,,,
Abel Hernández,Abel Hernández,100.0,72.0,,,
Luis Hernández,Luis Hernández,100.0,3.0,,,
Ander Herrera,Ander Herrera,100.0,203.0,,,
Son Heung-min,Son Heung-min,100.0,354.0,,,
Rob Holding,Rob Holding,100.0,254.0,,,
José Holebas,José Holebas,100.0,273.0,,,
Mason Holgate,Mason Holgate,100.0,325.0,,,
George Honeyman,George Honeyman,100.0,7.0,,,
Tom Huddlestone,Tom Huddlestone,100.0,62.0,,,
James Husband,James Husband,100.0,0.0,,,
Robert Huth,Robert Huth,100.0,88.0,,,
Pierre Højbjerg,Pierre-Emile Højbjerg,95.0,613.0,,,
Jordon Ibe,Jordon Ibe,100.0,156.0,,,
Didier Ibrahim Ndong,Didier Ndong,86.0,67.0,1.0,,
Zlatan Ibrahimović,Zlatan Ibrahimovic,94.0,168.0,,,
Odion Ighalo,Odion Ighalo,100.0,51.0,,,
Kelechi Iheanacho,Kelechi Iheanacho,100.0,500.0,,,
Giannelli Imbula,Giannelli Imbula,100.0,24.0,,,
Branislav Ivanović,Branislav Ivanovic,94.0,43.0,,,
Alex Iwobi,Alex Iwobi,100.0,696.0,,,
Phil Jagielka,Phil Jagielka,100.0,197.0,,,
Eldin Jakupović,Eldin Jakupovic,93.0,90.0,,,
Matty James,Matty James,100.0,28.0,,,
Daryl Janmaat,Daryl Janmaat,100.0,195.0,,,
Vincent Janssen,Vincent Janssen,100.0,59.0,,,
Adnan Januzaj,Adnan Januzaj,100.0,49.0,,,
Mile Jedinak,Mile Jedinak,100.0,2.0,,,
Carl Jenkinson,Carl Jenkinson,100.0,6.0,,,
Gabriel Jesus,Gabriel Fernando de Jesus,100.0,861.0,,,
Glen Johnson,Glen Johnson,100.0,61.0,,,
Billy Jones,Billy Jones,100.0,56.0,,,
David Jones,David Jones,100.0,1.0,,,
Phil Jones,Phil Jones,100.0,220.0,,,
Lukas Jutkiewicz,Lukas Jutkiewicz,100.0,2.0,,,
Christian Kabasele,Christian Kabasele,100.0,233.0,,,
Younès Kaboul,Younes Kaboul,92.0,64.0,,,
Sullay Kaikai,Sullay Kaikai,100.0,2.0,,,
Harry Kane,Harry Kane,100.0,1456.0,,,
N'Golo Kanté,N'Golo Kanté,100.0,516.0,,,
Loris Karius,Loris Karius,100.0,121.0,,,
Michael Keane,Michael Keane,100.0,699.0,,,
Will Keane,Will Keane,100.0,8.0,,,
Martin Kelly,Martin Kelly,100.0,171.0,,,
Kenedy,Robert Kenedy Nunes do Nascimento,90.0,108.0,,,
Jonjoe Kenny,Jonjoe Kenny,100.0,96.0,,,
Wahbi Khazri,Wahbi Khazri,100.0,31.0,,,
Michael Kightly,Michael Kightly,100.0,6.0,,,
Andy King,Andy King,100.0,92.0,,,
Joshua King,Joshua King,100.0,626.0,,,
Stephen Kingsley,Stephen Kingsley,100.0,29.0,,,
Jan Kirchhoff,Jan Kirchhoff,100.0,12.0,,,
Ragnar Klavan,Ragnar Klavan,100.0,121.0,,,
Aleksandar Kolarov,Aleksandar Kolarov,100.0,95.0,,,
Vincent Kompany,Vincent Kompany,100.0,175.0,,,
Arouna Koné,Arouna Koné,100.0,6.0,,,
Lamine Koné,Lamine Koné,100.0,69.0,,,
Laurent Koscielny,Laurent Koscielny,100.0,283.0,,,
Cheikhou Kouyaté,Cheikhou Kouyaté,100.0,522.0,,,
Bojan Krkić,Bojan Krkic,91.0,30.0,,,
Adam Lallana,Adam Lallana,100.0,380.0,,,
Rickie Lambert,Rickie Lambert,100.0,1.0,,,
Érik Lamela,Erik Lamela,91.0,243.0,,,
Manuel Lanzini,Manuel Lanzini,100.0,457.0,,,
Sebastian Larsson,Sebastian Larsson,100.0,40.0,,,
Grant Leadbitter,Grant Leadbitter,100.0,28.0,,,
Joe Ledley,Joe Ledley,100.0,40.0,,,
Lucas Leiva,Leiva Lucas,95.0,47.0,,,
Jonathan Leko,Jonathan Leko,100.0,12.0,,,
Aaron Lennon,Aaron Lennon,100.0,203.0,,,
Jeremain Lens,Jeremain Lens,100.0,2.0,,,
Joleon Lescott,Joleon Lescott,100.0,1.0,,,
Filip Lesniak,Filip Lesniak,100.0,4.0,,,
Jesse Lingard,Jesse Lingard,100.0,466.0,,,
Jake Livermore,Jake Livermore,100.0,191.0,,,
Fernando Llorente,Fernando Llorente,100.0,209.0,,,
Hugo Lloris,Hugo Lloris,100.0,926.0,,,
Ruben Loftus-Cheek,Ruben Loftus-Cheek,100.0,338.0,,,
Kevin Long,Kevin Long,100.0,118.0,,,
Shane Long,Shane Long,100.0,269.0,,,
Ademola Lookman,Ademola Lookman,100.0,243.0,,,
Donald Love,Donald Love,100.0,21.0,,,
Dejan Lovren,Dejan Lovren,100.0,297.0,,,
Matthew Lowton,Matthew Lowton,100.0,429.0,,,
David Luiz,David Luiz Moreira Marinho,90.0,463.0,,,
Romelu Lukaku,Romelu Lukaku,100.0,585.0,,,
Harry Maguire,Harry Maguire,100.0,708.0,,,
Riyad Mahrez,Riyad Mahrez,100.0,998.0,,,
Ainsley Maitland-Niles,Ainsley Maitland-Niles,100.0,219.0,,,
Shaun Maloney,Shaun Maloney,100.0,24.0,,,
Steve Mandanda,Steve Mandanda,100.0,19.0,,,
Sadio Mané,Sadio Mané,100.0,1114.0,,,
Vito Mannone,Vito Mannone,100.0,34.0,,,
Javier Manquillo,Javier Manquillo,100.0,271.0,,,
Adrian Mariappa,Adrian Mariappa,100.0,156.0,,,
Lazar Marković,Lazar Markovic,93.0,38.0,,,
Dean Marney,Dean Marney,100.0,51.0,,,
David Marshall,David Marshall,100.0,32.0,,,
Anthony Martial,Anthony Martial,100.0,722.0,,,
Cuco Martina,Cuco Martina,100.0,86.0,,,
Emiliano Martínez,Emiliano Martínez,100.0,348.0,,,
Bruno Martins Indi,Bruno Martins Indi,100.0,126.0,,,
Brandon Mason,Brandon Mason,100.0,1.0,,,
Ryan Mason,Ryan Mason,100.0,26.0,,,
Arthur Masuaku,Arthur Masuaku,100.0,248.0,,,
Juan Mata,Juan Mata,100.0,352.0,,,
Nemanja Matić,Nemanja Matic,92.0,398.0,,,
Joël Matip,Joel Matip,90.0,569.0,,,
Alfie Mawson,Alfie Mawson,100.0,225.0,,,
Dieumerci Mbokani,Dieumerci Mbokani,100.0,27.0,,,
James McArthur,James McArthur,100.0,510.0,,,
Gareth McAuley,Gareth McAuley,100.0,139.0,,,
Oliver McBurnie,Oliver McBurnie,100.0,217.0,,,
James McCarthy,James McCarthy,100.0,97.0,,,
James McClean,James McClean,100.0,97.0,,,
Paddy McNair,Patrick McNair,69.0,12.0,1.0,,
Sam McQueen,Sam McQueen,100.0,37.0,,,
Scott McTominay,Scott McTominay,100.0,422.0,,,
Ben Mee,Ben Mee,100.0,733.0,,,
Memphis,Memphis Depay,90.0,3.0,,,
Nampalys Mendy,Nampalys Mendy,100.0,170.0,,,
Per Mertesacker,Per Mertesacker,100.0,17.0,,,
David Meyler,David Meyler,100.0,33.0,,,
Simon Mignolet,Simon Mignolet,100.0,177.0,,,
Luka Milivojević,Luka Milivojevic,94.0,538.0,,,
James Milner,James Milner,100.0,518.0,,,
Tyrone Mings,Tyrone Mings,100.0,478.0,,,
Kevin Mirallas,Kevin Mirallas,100.0,124.0,,,
Demetri Mitchell,Demetri Mitchell,100.0,8.0,,,
Henrikh Mkhitaryan,Henrikh Mkhitaryan,100.0,282.0,,,
Nacho Monreal,Nacho Monreal,100.0,332.0,,,
Jefferson Montero,Jefferson Montero,100.0,18.0,,,
Alberto Moreno,Alberto Moreno,100.0,71.0,,,
Wes Morgan,Wes Morgan,100.0,222.0,,,
James Morrison,James Morrison,100.0,97.0,,,
Victor Moses,Victor Moses,100.0,238.0,,,
Lys Mousset,Lys Mousset,100.0,175.0,,,
Marc Muniesa,Marc Muniesa,100.0,34.0,,,
Ahmed Musa,Ahmed Musa,100.0,39.0,,,
Shkodran Mustafi,Shkodran Mustafi,100.0,325.0,,,
Jordon Mutch,Jordon Mutch,100.0,4.0,,,
Alfred N'Diaye,Alfred N'Diaye,100.0,34.0,,,
Georges-Kévin N'Koudou,Georges-Kévin Nkoudou,98.0,24.0,,,
Luciano Narsingh,Luciano Narsingh,100.0,55.0,,,
Samir Nasri,Samir Nasri,100.0,15.0,,,
Kyle Naughton,Kyle Naughton,100.0,183.0,,,
Jesús Navas,Jesús Navas,100.0,48.0,,,
Wilfred Ndidi,Wilfred Ndidi,100.0,472.0,,,
Álvaro Negredo,Álvaro Negredo,100.0,130.0,,,
Julien Ngoy,Julien Ngoy,100.0,6.0,,,
M'Baye Niang,M'Baye Niang,100.0,49.0,,,
Oumar Niasse,Oumar Niasse,100.0,160.0,,,
Mark Noble,Mark Noble,100.0,405.0,,,
Nolito,Manuel Agudo Durán,100.0,54.0,,,
Kristoffer Nordfeldt,Kristoffer Nordfeldt,100.0,3.0,,,
Håvard Nordtveit,Håvard Nordtveit,100.0,39.0,,,
Emilio Nsue,Emilio Nsue Lopez,90.0,10.0,,,
David Nugent,David Nugent,100.0,4.0,,,
Allan Nyom,Allan-Roméo Nyom,100.0,144.0,,,
Aiden O'Neill,Aiden O'Neill,100.0,3.0,,,
John O'Shea,John O'Shea,100.0,47.0,,,
Pedro Obiang,Pedro Obiang,100.0,152.0,,,
Angelo Ogbonna,Angelo Ogbonna,100.0,452.0,,,
Stefano Okaka,Stefano Okaka,100.0,68.0,,,
Shinji Okazaki,Shinji Okazaki,100.0,164.0,,,
Jonas Olsson,Jonas Olsson,100.0,8.0,,,
Martin Olsson,Martin Olsson,100.0,141.0,,,
Josh Onomah,Josh Onomah,100.0,15.0,,,
Divock Origi,Divock Origi,100.0,251.0,,,
Oscar,Oscar Bobb,90.0,29.0,,,
David Ospina,David Ospina,100.0,21.0,,,
Nicolás Otamendi,Nicolás Otamendi,100.0,408.0,,,
Bryan Oviedo,Bryan Oviedo,100.0,29.0,,,
Alex Oxlade-Chamberlain,Alex Oxlade-Chamberlain,100.0,338.0,,,
Mesut Özil,Mesut Özil,100.0,421.0,,,
Costel Pantilimon,Costel Pantilimon,100.0,2.0,,,
Gabriel Paulista,Gabriel Armando de Abreu,100.0,45.0,,,
Dimitri Payet,Dimitri Payet,100.0,81.0,,,
Pedro,Pedro Rodríguez Ledesma,100.0,387.0,,,
Matthew Pennington,Matthew Pennington,100.0,9.0,,,
Dion Pereira,Dion Pereira,100.0,2.0,,,
Roberto Pereyra,Roberto Pereyra,100.0,306.0,,,
Lucas Pérez,Lucas Pérez,100.0,53.0,,,
Matt Phillips,Matt Phillips,100.0,265.0,,,
Jordan Pickford,Jordan Pickford,100.0,1023.0,,,
Jérémy Pied,Jérémy Pied,100.0,12.0,,,
Steven Pienaar,Steven Pienaar,100.0,15.0,,,
Erik Pieters,Erik Pieters,100.0,338.0,,,
Paul Pogba,Paul Pogba,100.0,640.0,,,
Sebastian Prödl,Sebastian Prödl,100.0,111.0,,,
Marc Pugh,Marc Pugh,100.0,96.0,,,
Jason Puncheon,Jason Puncheon,100.0,118.0,,,
Gastón Ramírez,Gastón Ramírez,100.0,59.0,,,
Aaron Ramsey,Aaron Ramsey,100.0,295.0,,,
Darren Randolph,Darren Randolph,100.0,82.0,,,
Àngel Rangel,Angel Rangel,92.0,30.0,,,
Andrea Ranocchia,Andrea Ranocchia,100.0,55.0,,,
Marcus Rashford,Marcus Rashford,100.0,1033.0,,,
Nathan Redmond,Nathan Redmond,100.0,600.0,,,
Harrison Reed,Harrison Reed,100.0,222.0,,,
Winston Reid,Winston Reid,100.0,144.0,,,
Loïc Rémy,Loïc Remy,89.0,6.0,1.0,,
Jordan Rhodes,Jordan Rhodes,100.0,8.0,,,
Declan Rice,Declan Rice,100.0,697.0,,,
Andrew Robertson,Andrew Robertson,100.0,1114.0,,,
Paul Robinson,Paul Robinson,100.0,5.0,,,
Joel Robles,Joel Robles,100.0,96.0,,,
Hal Robson-Kanu,Hal Robson-Kanu,100.0,114.0,,,
Jay Rodriguez,Jay Rodriguez,100.0,436.0,,,
Jack Rodwell,Jack Rodwell,100.0,39.0,,,
Marcos Rojo,Marcos Rojo,100.0,105.0,,,
Sergio Romero,Sergio Romero,100.0,30.0,,,
Oriol Romeu,Oriol Romeu Vidal,90.0,396.0,,,
Salomón Rondón,Salomón Rondón,100.0,406.0,,,
Marten de Roon,Marten de Roon,100.0,91.0,,,
Wayne Rooney,Wayne Rooney,100.0,189.0,,,
Danny Rose,Danny Rose,100.0,248.0,,,
Wayne Routledge,Wayne Routledge,100.0,91.0,,,
Bacary Sagna,Bacary Sagna,100.0,55.0,,,
Diafra Sakho,Diafra Sakho,100.0,36.0,,,
Mamadou Sakho,Mamadou Sakho,100.0,219.0,,,
Bakary Sako,Bakary Sako,100.0,47.0,,,
Alexis Sánchez,Alexis Sánchez,100.0,463.0,,,
Leroy Sané,Leroy Sané,100.0,441.0,,,
Jeffrey Schlupp,Jeffrey Schlupp,100.0,544.0,,,
Kasper Schmeichel,Kasper Schmeichel,100.0,767.0,,,
Morgan Schneiderlin,Morgan Schneiderlin,100.0,135.0,,,
Xherdan Shaqiri,Xherdan Shaqiri,100.0,364.0,,,
Luke Shaw,Luke Shaw,100.0,576.0,,,
Ryan Shawcross,Ryan Shawcross,100.0,161.0,,,
Gylfi Sigurðsson,Gylfi Sigurdsson,94.0,676.0,,,
David Silva,David Silva,100.0,581.0,,,
Danny Simpson,Danny Simpson,100.0,152.0,,,
Josh Sims,Josh Sims,100.0,0.0,,,
Jerome Sinclair,Jerome Sinclair,100.0,10.0,,,
Moussa Sissoko,Moussa Sissoko,100.0,375.0,,,
Islam Slimani,Islam Slimani,100.0,109.0,,,
Chris Smalling,Chris Smalling,100.0,231.0,,,
Adam Smith,Adam Smith,100.0,427.0,,,
Brad Smith,Bradley Smith,87.0,4.0,1.0,,
Robert Snodgrass,Robert Snodgrass,100.0,319.0,,,
Cédric Soares,Cédric Soares,100.0,376.0,,,
Ramadan Sobhi,Ramadan Sobhi,100.0,91.0,,,
Pape Souaré,Pape Souaré,100.0,8.0,,,
Junior Stanislas,Junior Stanislas,100.0,284.0,,,
Maarten Stekelenburg,Maarten Stekelenburg,100.0,68.0,,,
Jack Stephens,Jack Stephens,100.0,338.0,,,
Raheem Sterling,Raheem Sterling,100.0,1342.0,,,
Kevin Stewart,Kevin Stewart,100.0,4.0,,,
John Stones,John Stones,100.0,590.0,,,
Cristhian Stuani,Cristhian Stuani,100.0,54.0,,,
Daniel Sturridge,Daniel Sturridge,100.0,120.0,,,
Isaac Success,Isaac Success,100.0,28.0,,,
Ki Sung-yueng,Sung-yueng Ki,95.0,156.0,,,
Andrew Surman,Andrew Surman,100.0,168.0,,,
Dušan Tadić,Dusan Tadic,82.0,230.0,1.0,,
Matt Targett,Matt Targett,100.0,406.0,,,
James Tarkowski,James Tarkowski,100.0,770.0,,,
Neil Taylor,Neil Taylor,100.0,43.0,,,
John Terry,John Terry,100.0,21.0,,,
James Tomkins,James Tomkins,100.0,353.0,,,
Gökhan Töre,Gökhan Töre,100.0,10.0,,,
Yaya Touré,Gnegneri Yaya Touré,90.0,102.0,,,
Andros Townsend,Andros Townsend,100.0,640.0,,,
Adama Traoré,Adama Traoré,100.0,389.0,,,
Kieran Trippier,Kieran Trippier,100.0,616.0,,,
Axel Tuanzebe,Axel Tuanzebe,100.0,43.0,,,
Josh Tymon,Josh Tymon,100.0,9.0,,,
Leonardo Ulloa,Leonardo Ulloa,100.0,44.0,,,
Víctor Valdés,Víctor Valdés,100.0,102.0,,,
Antonio Valencia,Antonio Valencia,100.0,283.0,,,
Enner Valencia,Enner Valencia,100.0,54.0,,,
Virgil van Dijk,Virgil van Dijk,100.0,974.0,,,
Jamie Vardy,Jamie Vardy,100.0,1130.0,,,
Jan Vertonghen,Jan Vertonghen,100.0,393.0,,,
Sam Vokes,Sam Vokes,100.0,232.0,,,
Michel Vorm,Michel Vorm,100.0,25.0,,,
Matěj Vydra,Matej Vydra,91.0,169.0,,,
Theo Walcott,Theo Walcott,100.0,485.0,,,
Kyle Walker,Kyle Walker,100.0,897.0,,,
Jonathan Walters,Jonathan Walters,100.0,75.0,,,
Victor Wanyama,Victor Wanyama,100.0,160.0,,,
Joel Ward,Joel Ward,100.0,487.0,,,
Stephen Ward,Stephen Ward,100.0,200.0,,,
James Ward-Prowse,James Ward-Prowse,100.0,980.0,,,
Marcin Wasilewski,Marcin Wasilewski,100.0,1.0,,,
Duncan Watmore,Duncan Watmore,100.0,43.0,,,
Ben Watson,Ben Watson,100.0,13.0,,,
Danny Welbeck,Danny Welbeck,100.0,502.0,,,
Ashley Westwood,Ashley Westwood,100.0,452.0,,,
Glenn Whelan,Glenn Whelan,100.0,62.0,,,
Connor Wickham,Connor Wickham,100.0,42.0,,,
Georginio Wijnaldum,Georginio Wijnaldum,100.0,546.0,,,
Ashley Williams,Ashley Williams,100.0,183.0,,,
Willian,Willian Borges Da Silva,90.0,598.0,,,
Jack Wilshere,Jack Wilshere,100.0,132.0,,,
Callum Wilson,Callum Wilson,100.0,883.0,,,
Marc Wilson,Marc Wilson,100.0,0.0,,,
Kevin Wimmer,Kevin Wimmer,100.0,21.0,,,
Harry Winks,Harry Winks,100.0,218.0,,,
Philipp Wollscheid,Philipp Wollscheid,100.0,1.0,,,
Ben Woodburn,Ben Woodburn,100.0,6.0,,,
Matt Worthington,Matthew Worthington,91.0,1.0,,,
Granit Xhaka,Granit Xhaka,100.0,640.0,,,
Claudio Yacob,Claudio Yacob,100.0,77.0,,,
Maya Yoshida,Maya Yoshida,100.0,208.0,,,
Ashley Young,Ashley Young,100.0,427.0,,,
Pablo Zabaleta,Pablo Zabaleta,100.0,201.0,,,
Wilfried Zaha,Wilfried Zaha,100.0,929.0,,,
Mauro Zárate,Mauro Zárate,100.0,8.0,,,
Simone Zaza,Simone Zaza,100.0,10.0,,,
Ron-Robert Zieler,Ron-Robert Zieler,100.0,17.0,,,
Kurt Zouma,Kurt Zouma,100.0,611.0,,,
Juan Zúñiga,Juan Zuñiga,91.0,38.0,,,
Rolando Aarons,Rolando Aarons,100.0,5.0,,,
Tammy Abraham,Tammy Abraham,100.0,308.0,,,
Ethan Ampadu,Ethan Ampadu,100.0,45.0,,,
Christian Atsu,Christian Atsu,100.0,170.0,,,
Pierre-Emerick Aubameyang,Pierre-Emerick Aubameyang,100.0,697.0,,,
Serge Aurier,Serge Aurier,100.0,402.0,,,
Tiemoué Bakayoko,Tiemoué Bakayoko,100.0,77.0,,,
Sam Baldock,Sam Baldock,100.0,2.0,,,
Beni Baningime,Beni Baningime,100.0,7.0,,,
Harvey Barnes,Harvey Barnes,100.0,636.0,,,
Kyle Bartley,Kyle Bartley,100.0,84.0,,,
Moritz Bauer,Moritz Bauer,100.0,41.0,,,
Jan Bednarek,Jan Bednarek,100.0,375.0,,,
Muhamed Bešić,Muhamed Bešić,100.0,9.0,,,
Philip Billing,Philip Billing,100.0,338.0,,,
Jeremie Boga,Jeremie Boga,100.0,1.0,,,
Gaëtan Bong,Gaëtan Bong,100.0,114.0,,,
Izzy Brown,Isaiah Brown,64.0,16.0,1.0,,
Bruno,Bruno Saltor Grau,100.0,130.0,,,
Oliver Burke,Oliver Burke,100.0,69.0,,,
Tyrese Campbell,Tyrese Campbell,100.0,4.0,,,
André Carrillo,André Carrillo,100.0,64.0,,,
Guido Carrillo,Guido Carrillo,100.0,15.0,,,
Hamza Choudhury,Hamza Choudhury,100.0,90.0,,,
Andreas Christensen,Andreas Christensen,100.0,265.0,,,
Ciaran Clark,Ciaran Clark,100.0,215.0,,,
Martin Cranie,Martin Cranie,100.0,2.0,,,
Josh Cullen,Josh Cullen,100.0,57.0,,,
Danilo,Danilo Luiz da Silva,90.0,146.0,,,
Karl Darlow,Karl Darlow,100.0,133.0,,,
Laurent Depoitre,Laurent Depoitre,100.0,128.0,,,
Fousseni Diabaté,Fousseni Diabaté,100.0,22.0,,,
Mohamed Diamé,Mohamed Diamé,100.0,126.0,,,
Brahim Díaz,Brahim Diaz,91.0,5.0,,,
Aleksandar Dragović,Aleksandar Dragovic,95.0,28.0,,,
Martin Dúbravka,Martin Dubravka,93.0,552.0,,,
Shane Duffy,Shane Duffy,100.0,311.0,,,
Paul Dummett,Paul Dummett,100.0,214.0,,,
Lewis Dunk,Lewis Dunk,100.0,737.0,,,
Ederson,Ederson Santana de Moraes,90.0,995.0,,,
Tom Edwards,Thomas Edwards,88.0,6.0,1.0,,
Rob Elliot,Robert Elliot,87.0,57.0,1.0,,
Patrice Evra,Patrice Evra,100.0,2.0,,,
Kiko Femenía,Francisco Femenía Far,86.0,238.0,1.0,,
Phil Foden,Phil Foden,100.0,720.0,,,
Jesús Gámez,Jesús Gámez Duarte,90.0,9.0,,,
Dwight Gayle,Dwight Gayle,100.0,190.0,,,
Paulo Gazzaniga,Paulo Gazzaniga,100.0,80.0,,,
Connor Goldson,Connor Goldson,100.0,6.0,,,
Joe Gomez,Joe Gomez,100.0,72.0,,,
Pascal Groß,Pascal Groß,100.0,830.0,,,
Florent Hadergjonaj,Florent Hadergjonaj,100.0,101.0,,,
Massadio Haïdara,Massadio Haidara,94.0,1.0,,,
Ben Hamer,Ben Hamer,100.0,18.0,,,
Rekeem Harper,Rekeem Harper,100.0,3.0,,,
Joe Hart,Joe Hart,100.0,128.0,,,
Isaac Hayden,Isaac Hayden,100.0,251.0,,,
Michael Hefele,Michael Hefele,100.0,1.0,,,
Ahmed Hegazi,Ahmed El-Sayed Hegazi,86.0,114.0,1.0,,
Tomer Hemed,Tomer Hemed,100.0,43.0,,,
Javier Hernández,Javier Hernández Balcázar,90.0,188.0,,,
Wesley Hoedt,Wesley Hoedt,100.0,103.0,,,
Jonathan Hogg,Jonathan Hogg,100.0,107.0,,,
Callum Hudson-Odoi,Callum Hudson-Odoi,100.0,281.0,,,
Will Hughes,Will Hughes,100.0,337.0,,,
Jordan Hugill,Jordan Hugill,100.0,3.0,,,
Uwe Hünemeier,Uwe Hünemeier,100.0,1.0,,,
Emerson Hyndman,Emerson Hyndman,100.0,2.0,,,
Vicente Iborra,Vicente Iborra,100.0,67.0,,,
Tom Ince,Tom Ince,100.0,82.0,,,
Danny Ings,Danny Ings,100.0,674.0,,,
Stephen Ireland,Stephen Ireland,100.0,4.0,,,
José Izquierdo,José Heriberto Izquierdo Mena,100.0,132.0,,,
Jesé,Jesé Rodríguez Ruiz,90.0,31.0,,,
Joselu,Jose Luis Mato Sanmartín,75.0,99.0,1.0,,
Mathias Jørgensen,Mathias Jorgensen,94.0,266.0,,,
Elias Kachunga,Elias Kachunga,100.0,75.0,,,
Orestis Karnezis,Orestis Karnezis,100.0,47.0,,,
Beram Kayal,Beram Kayal,100.0,61.0,,,
Davy Klaassen,Davy Klaassen,100.0,7.0,,,
Anthony Knockaert,Anthony Knockaert,100.0,162.0,,,
Sead Kolašinac,Sead Kolasinac,93.0,246.0,,,
Terence Kongolo,Terence Kongolo,100.0,92.0,,,
Grzegorz Krychowiak,Grzegorz Krychowiak,100.0,58.0,,,
Rajiv van La Parra,Rajiv van La Parra,100.0,84.0,,,
Alexandre Lacazette,Alexandre Lacazette,100.0,641.0,,,
Freddie Ladapo,Olayinka Fredrick Oladotun Ladapo,86.0,1.0,1.0,,
Aymeric Laporte,Aymeric Laporte,100.0,534.0,,,
Jamaal Lascelles,Jamaal Lascelles,100.0,424.0,,,
Florian Lejeune,Florian Lejeune,100.0,125.0,,,
Mario Lemina,Mario Lemina,100.0,289.0,,,
Victor Lindelöf,Victor Lindelöf,100.0,535.0,,,
Jürgen Locadia,Jürgen Locadia,100.0,72.0,,,
Joe Lolley,Joe Lolley,100.0,11.0,,,
Jonas Lössl,Jonas Lössl,100.0,236.0,,,
Chris Löwe,Chris Löwe,100.0,109.0,,,
Dodi Lukebakio,Dodi Lukebakio,100.0,1.0,,,
Levi Lumeka,Levi Lumeka,100.0,1.0,,,
Scott Malone,Scott Malone,100.0,41.0,,,
Eliaquim Mangala,Eliaquim Mangala,100.0,22.0,,,
Solly March,Solly March,100.0,186.0,,,
João Mário,João Mário Naval Costa Eduardo,90.0,46.0,,,
Konstantinos Mavropanos,Konstantinos Mavropanos,100.0,46.0,,,
Eric Maxim Choupo-Moting,Eric Maxim Choupo-Moting,100.0,107.0,,,
Chancel Mbemba,Chancel Mbemba,100.0,20.0,,,
Alex McCarthy,Alex McCarthy,100.0,386.0,,,
Benjamin Mendy,Benjamin Mendy,100.0,219.0,,,
Mikel Merino,Mikel Merino,100.0,49.0,,,
Roque Mesa,Roque Mesa,100.0,18.0,,,
Aleksandar Mitrović,Aleksandar Mitrović,100.0,171.0,,,
Aaron Mooy,Aaron Mooy,100.0,269.0,,,
Álvaro Morata,Álvaro Morata,100.0,168.0,,,
Steve Mounié,Steve Mounie,92.0,161.0,,,
Lucas Moura,Lucas Rodrigues Moura da Silva,100.0,426.0,,,
Jacob Murphy,Jacob Murphy,100.0,344.0,,,
Jamie Murphy,Jamie Murphy,100.0,6.0,,,
Glenn Murray,Glenn Murray,100.0,276.0,,,
Charly Musonda Jr.,Charly Musonda,95.0,6.0,,,
Boaz Myhill,Boaz Myhill,100.0,1.0,,,
Badou Ndiaye,Papa Alioune Ndiaye,86.0,41.0,1.0,,
Reiss Nelson,Reiss Nelson,100.0,96.0,,,
Eddie Nketiah,Eddie Nketiah,100.0,134.0,,,
Lukas Nmecha,Lukas Nmecha,100.0,2.0,,,
Michael Obafemi,Michael Obafemi,100.0,65.0,,,
Reece Oxford,Reece Oxford,100.0,1.0,,,
Kasey Palmer,Kasey Palmer,100.0,4.0,,,
Emerson Palmieri,Emerson Palmieri dos Santos,90.0,182.0,,,
Ayoze Pérez,Ayoze Pérez,100.0,506.0,,,
Nick Pope,Nick Pope,100.0,809.0,,,
Alex Pritchard,Alex Pritchard,100.0,109.0,,,
Davy Pröpper,Davy Pröpper,100.0,246.0,,,
Collin Quaner,Collin Quaner,100.0,46.0,,,
Sandro Ramírez,Sandro Ramírez,100.0,10.0,,,
Richarlison,Richarlison de Andrade,90.0,867.0,,,
Jaïro Riedewald,Jairo Riedewald,93.0,130.0,,,
Matt Ritchie,Matt Ritchie,100.0,396.0,,,
Connor Roberts,Connor Roberts,100.0,88.0,,,
Liam Rosenior,Liam Rosenior,100.0,3.0,,,
Antonio Rüdiger,Antonio Rüdiger,100.0,537.0,,,
Mathew Ryan,Mathew Ryan,100.0,422.0,,,
Abdelhamid Sabiri,Abdelhamid Sabiri,100.0,12.0,,,
Henri Saivet,Henri Saivet,100.0,8.0,,,
Mohamed Salah,Mohamed Salah,100.0,1733.0,,,
Renato Sanches,Renato Sanches,100.0,20.0,,,
Davinson Sánchez,Davinson Sánchez,100.0,413.0,,,
Ezequiel Schelotto,Ezequiel Schelotto,100.0,29.0,,,
Christopher Schindler,Christopher Schindler,100.0,178.0,,,
Jonjo Shelvey,Jonjo Shelvey,100.0,370.0,,,
Adrien Silva,Adrien Silva,100.0,0.0,,,
Bernardo Silva,Bernardo Veiga de Carvalho e Silva,100.0,855.0,,,
Jack Simpson,Jack Simpson,100.0,15.0,,,
Tommy Smith,Tommy Smith,100.0,59.0,,,
Dominic Solanke,Dominic Solanke,100.0,420.0,,,
Julián Speroni,Julian Speroni,93.0,37.0,,,
Kostas Stafylidis,Konstantinos Stafylidis,85.0,6.0,1.0,,
Dale Stephens,Dale Stephens,100.0,227.0,,,
Markus Suttner,Markus Suttner,100.0,38.0,,,
Lasse Sørensen,Lasse Sorenson,86.0,5.0,1.0,,
Alexander Sørloth,Alexander Sørloth,100.0,20.0,,,
Charlie Taylor,Charlie Taylor,100.0,396.0,,,
Cenk Tosun,Cenk Tosun,100.0,140.0,,,
Nikola Vlašić,Nikola Vlašić,100.0,0.0,,,
Molla Wagué,Molla Wagué,100.0,19.0,,,
Kyle Walker-Peters,Kyle Walker-Peters,100.0,304.0,,,
Aaron Wan-Bissaka,Aaron Wan-Bissaka,100.0,552.0,,,
Nahki Wells,Nahki Wells,100.0,9.0,,,
Dean Whitehead,Dean Whitehead,100.0,4.0,,,
Danny Williams,Danny Williams,100.0,34.0,,,
Joe Willock,Joe Willock,100.0,141.0,,,
Chris Wood,Chris Wood,100.0,769.0,,,
DeAndre Yedlin,DeAndre Yedlin,100.0,190.0,,,
Davide Zappacosta,Davide Zappacosta,100.0,67.0,,,
Marvin Zeegelaar,Marvin Zeegelaar,100.0,28.0,,,
Oleksandr Zinchenko,Oleksandr Zinchenko,100.0,439.0,,,
Alisson,Alisson Ramses Becker,90.0,876.0,,,
Miguel Almirón,Miguel Almirón,100.0,293.0,,,
Luke Amos,Luke Amos,100.0,1.0,,,
Felipe Anderson,Felipe Anderson Pereira Gomes,100.0,223.0,,,
Florin Andone,Florin Andone,100.0,43.0,,,
Stuart Armstrong,Stuart Armstrong,100.0,402.0,,,
Kepa Arrizabalaga,Kepa Arrizabalaga,100.0,395.0,,,
Floyd Ayité,Floyd Ayité,100.0,24.0,,,
Ryan Babel,Ryan Babel,100.0,75.0,,,
Juninho Bacuna,Juninho Bacuna,100.0,39.0,,,
Leandro Bacuna,Leandro Bacuna,100.0,17.0,,,
Fabián Balbuena,Fabián Balbuena,100.0,140.0,,,
Leon Balogun,Leon Balogun,100.0,15.0,,,
Sol Bamba,Sol Bamba,100.0,95.0,,,
Antonio Barreca,Antonio Barreca,100.0,1.0,,,
Joe Bennett,Joe Bennett,100.0,77.0,,,
Ryan Bennett,Ryan Bennett,100.0,121.0,,,
Bernard,Bernard Anício Caldeira Duarte,90.0,181.0,,,
Bernardo,Bernardo Fernandes da Silva Junior,100.0,65.0,,,
Marcus Bettinelli,Marcus Bettinelli,100.0,14.0,,,
Yves Bissouma,Yves Bissouma,100.0,294.0,,,
Willy Boly,Willy Boly,100.0,385.0,,,
Léo Bonatini,Léo Bonatini,100.0,0.0,,,
David Brooks,David Brooks,100.0,172.0,,,
Joe Bryan,Joe Bryan,100.0,79.0,,,
David Button,David Button,100.0,17.0,,,
Tom Cairney,Tom Cairney,100.0,220.0,,,
Rafael Camacho,Rafael Camacho,100.0,1.0,,,
Víctor Camarasa,Víctor Camarasa,100.0,107.0,,,
Jonny Castro,Jonathan Castro Otto,100.0,326.0,,,
Ivan Cavaleiro,Ivan Cavaleiro,100.0,48.0,,,
Tahith Chong,Tahith Chong,100.0,79.0,,,
Cyrus Christie,Cyrus Christie,100.0,42.0,,,
Ibrahima Cissé,Ibrahima Cissé,100.0,4.0,,,
Conor Coady,Conor Coady,100.0,533.0,,,
Joel Coleman,Joel Coleman,100.0,2.0,,,
Hélder Costa,Hélder Costa,100.0,52.0,,,
Greg Cunningham,Greg Cunninghamm,97.0,9.0,,,
Diogo Dalot,Diogo Dalot Teixeira,90.0,195.0,,,
Matty Daly,Matthew Daly,82.0,2.0,1.0,,
Loïc Damour,Loïc Damour,100.0,2.0,,,
Leander Dendoncker,Leander Dendoncker,100.0,358.0,,,
Adama Diakhaby,Adama Diakhaby,100.0,19.0,,,
Grady Diangana,Grady Diangana,100.0,64.0,,,
Lucas Digne,Lucas Digne,100.0,616.0,,,
Issa Diop,Issa Diop,100.0,360.0,,,
Matt Doherty,Matt Doherty,100.0,499.0,,,
Luke Dreher,Luke Dreher,100.0,1.0,,,
Demeaco Duhaney,Demeaco Duhaney,100.0,1.0,,,
Erik Durm,Erik Durm,100.0,49.0,,,
Bruno Ecuele Manga,Bruno Ecuele Manga,100.0,97.0,,,
Harvey Elliott,Harvey Elliott,100.0,164.0,,,
Mohamed Elyounoussi,Mohamed Elyounoussi,100.0,180.0,,,
Neil Etheridge,Neil Etheridge,100.0,154.0,,,
Fabinho,Fabio Henrique Tavares,100.0,380.0,,,
Fabricio,Fabricio Agosto Ramírez,90.0,8.0,,,
Juan Foyth,Juan Foyth,100.0,38.0,,,
Fred,Frederico Rodrigues de Paula Santos,100.0,314.0,,,
Ryan Fredericks,Ryan Fredericks,100.0,159.0,,,
Sam Gallagher,Sam Gallagher,100.0,4.0,,,
James Garner,James Garner,100.0,109.0,,,
Rachid Ghezzal,Rachid Ghezzal,100.0,28.0,,,
Morgan Gibbs-White,Morgan Gibbs-White,100.0,347.0,,,
André Gomes,André Filipe Tavares Gomes,86.0,169.0,1.0,,
Jon Gorenc Stanković,Jon Gorenc Stankovic,95.0,24.0,,,
Karlan Grant,Karlan Grant,100.0,86.0,,,
Mason Greenwood,Mason Greenwood,100.0,284.0,,,
Vicente Guaita,Vicente Guaita,100.0,560.0,,,
Mattéo Guendouzi,Mattéo Guendouzi,100.0,0.0,,,
Angus Gunn,Angus Gunn,100.0,107.0,,,
Aron Gunnarsson,Aron Gunnarsson,100.0,65.0,,,
Kadeem Harris,Kadeem Harris,100.0,24.0,,,
Rhys Healey,Rhys Healey,100.0,3.0,,,
Gonzalo Higuaín,Gonzalo Higuaín,100.0,53.0,,,
Junior Hoilett,David Junior Hoilett,95.0,82.0,,,
Alireza Jahanbakhsh,Alireza Jahanbakhsh,100.0,85.0,,,
Raúl Jiménez,Raúl Jiménez,100.0,607.0,,,
Stefan Johansen,Stefan Johansen,100.0,11.0,,,
Ben Johnson,Ben Johnson,100.0,127.0,,,
Tyreke Johnson,Tyreke Johnson,100.0,1.0,,,
Jorginho,Jorge Luiz Frello Filho,100.0,530.0,,,
Diogo Jota,Diogo Teixeira da Silva,100.0,695.0,,,
Aboubakar Kamara,Aboubakar Kamara,100.0,36.0,,,
Neeskens Kebano,Neeskens Kebano,100.0,53.0,,,
Naby Keïta,Naby Keita,90.0,209.0,,,
Max Kilman,Max Kilman,100.0,359.0,,,
Mateo Kovačić,Mateo Kovačić,100.0,368.0,,,
Maxime Le Marchand,Maxime Le Marchand,100.0,39.0,,,
Bernd Leno,Bernd Leno,100.0,633.0,,,
Jefferson Lerma,Jefferson Lerma,100.0,140.0,,,
Stephan Lichtsteiner,Stephan Lichtsteiner,100.0,14.0,,,
Sean Longstaff,Sean Longstaff,100.0,349.0,,,
James Maddison,James Maddison,100.0,816.0,,,
Gary Madine,Gary Madine,100.0,5.0,,,
Adam Masina,Adam Masina,100.0,117.0,,,
Isaac Mbenza,Isaac Mbenza,100.0,38.0,,,
Kevin McDonald,Kevin McDonald,100.0,17.0,,,
Dwight McNeil,Dwight McNeil,100.0,638.0,,,
Nathaniel Mendez-Laing,Nathaniel Mendez-Laing,100.0,63.0,,,
Chris Mepham,Chris Mepham,100.0,113.0,,,
Max Meyer,Max Meyer,100.0,83.0,,,
Yerry Mina,Yerry Mina,100.0,250.0,,,
Martín Montoya,Martín Montoya,100.0,107.0,,,
Sean Morrison,Sean Morrison,100.0,97.0,,,
João Moutinho,João Filipe Iria Santos Moutinho,86.0,457.0,1.0,,
Josh Murphy,Josh Murphy,100.0,76.0,,,
Yoshinori Mutō,Yoshinori Muto,93.0,33.0,,,
Marc Navarro,Marc Navarro,100.0,2.0,,,
Rúben Neves,Rúben da Silva Neves,100.0,518.0,,,
Will Norris,Will Norris,100.0,4.0,,,
Denis Odoi,Denis Odoi,100.0,45.0,,,
Sokratis Papastathopoulos,Sokratis Papastathopoulos,100.0,121.0,,,
Callum Paterson,Callum Paterson,100.0,80.0,,,
Rui Patrício,Rui Pedro dos Santos Patrício,100.0,403.0,,,
Lee Peltier,Lee Peltier,100.0,45.0,,,
Andreas Pereira,Andreas Pereira,100.0,87.0,,,
Ricardo Pereira,Ricardo Barbosa Pereira,100.0,351.0,,,
Domingos Quina,Domingos Quina,100.0,21.0,,,
Joe Ralls,Joe Ralls,100.0,45.0,,,
Kayne Ramsey,Kayne Ramsay,92.0,-2.0,,,
Tim Ream,Tim Ream,100.0,197.0,,,
Bobby Reid,Bobby Reid,100.0,80.0,,,
Jazz Richards,Ashley Darel Jazz Richards,90.0,2.0,,,
Diego Rico,Diego Rico,100.0,92.0,,,
Sergio Rico,Sergio Rico,100.0,86.0,,,
Aaron Rowe,Aaron Rowe,100.0,2.0,,,
John Ruddy,John Ruddy,100.0,14.0,,,
Romain Saïss,Romain Saïss,100.0,358.0,,,
Bukayo Saka,Bukayo Saka,100.0,791.0,,,
Carlos Sánchez,Carlos Sánchez,100.0,16.0,,,
Fabian Schär,Fabian Schär,100.0,527.0,,,
André Schürrle,André Schürrle,100.0,75.0,,,
Ken Sema,Ken Sema,100.0,63.0,,,
Jean Seri,Jean Michael Seri,86.0,72.0,1.0,,
Ryan Sessegnon,Ryan Sessegnon,100.0,194.0,,,
Xande Silva,Alexandre Nascimento Costa Silva,100.0,1.0,,,
Oliver Skipp,Oliver Skipp,100.0,115.0,,,
Callum Slattery,Callum Slattery,100.0,4.0,,,
Çağlar Söyüncü,Çaglar Söyüncü,93.0,263.0,,,
Denis Suárez,Denis Suárez,100.0,4.0,,,
Sam Surridge,Sam Surridge,100.0,32.0,,,
Youri Tielemans,Youri Tielemans,100.0,588.0,,,
Lucas Torreira,Lucas Torreira,100.0,124.0,,,
Mark Travers,Mark Travers,100.0,56.0,,,
Yan Valery,Yan Valery,100.0,84.0,,,
Jannik Vestergaard,Jannik Vestergaard,100.0,198.0,,,
Luciano Vietto,Luciano Vietto,100.0,47.0,,,
Rúben Vinagre,Rúben Nascimento Vinagre,100.0,59.0,,,
Danny Ward,Danny Ward,100.0,116.0,,,
Ben Wilmot,Ben Wilmot,100.0,1.0,,,
Andriy Yarmolenko,Andriy Yarmolenko,100.0,139.0,,,
Andre-Frank Zambo Anguissa,André-Frank Zambo Anguissa,96.0,113.0,,,
Kenneth Zohore,Kenneth Zohore,100.0,33.0,,,
Max Aarons,Max Aarons,100.0,82.0,,,
Che Adams,Che Adams,100.0,412.0,,,
Albian Ajeti,Albian Ajeti,100.0,9.0,,,
Steven Alzate,Steven Alzate,100.0,81.0,,,
Ibrahim Amadou,Ibrahim Amadou,100.0,18.0,,,
Angeliño,José Ángel Esmorís Tasende,100.0,11.0,,,
Faustino Anjorin,Faustino Anjorin,100.0,1.0,,,
George Baldock,George Baldock,100.0,226.0,,,
Chris Basham,Chris Basham,100.0,182.0,,,
Nabil Bentaleb,Nabil Bentaleb,100.0,19.0,,,
Sander Berge,Sander Berge,100.0,139.0,,,
Steven Bergwijn,Steven Bergwijn,100.0,153.0,,,
Jarrad Branthwaite,Jarrad Branthwaite,100.0,135.0,,,
Armando Broja,Armando Broja,100.0,148.0,,,
Josh Brownhill,Josh Brownhill,100.0,264.0,,,
Emi Buendía,Emiliano Buendía Stati,86.0,224.0,1.0,,
Dan Burn,Dan Burn,100.0,465.0,,,
João Cancelo,João Cancelo,100.0,457.0,,,
Todd Cantwell,Todd Cantwell,100.0,121.0,,,
Dani Ceballos,Daniel Ceballos Fernández,86.0,119.0,1.0,,
Leon Clarke,Leon Clarke,100.0,2.0,,,
Aaron Connolly,Aaron Connolly,100.0,104.0,,,
Patrick Cutrone,Patrick Cutrone,100.0,25.0,,,
Arnaut Danjuma,Arnaut Danjuma,100.0,15.0,,,
Kevin Danso,Kevin Danso,100.0,9.0,,,
Keinan Davis,Keinan Davis,100.0,49.0,,,
Moussa Djenepo,Moussa Djenepo,100.0,126.0,,,
Tommy Doyle,Tommy Doyle,100.0,37.0,,,
Josip Drmić,Josip Drmic,91.0,26.0,,,
Ondrej Duda,Ondrej Duda,100.0,24.0,,,
John Egan,John Egan,100.0,191.0,,,
Björn Engels,Björn Engels,100.0,0.0,,,
Ralf Fährmann,Ralf Fahrmann,92.0,1.0,,,
Akin Famewo,Akin Famewo,100.0,1.0,,,
Bruno Fernandes,Bruno Borges Fernandes,100.0,849.0,,,
Gedson Fernandes,Gedson Carvalho Fernandes,100.0,7.0,,,
John Fleck,John Fleck,100.0,174.0,,,
Pablo Fornals,Pablo Fornals,100.0,335.0,,,
Dimitri Foulquier,Dimitri Foulquier,100.0,1.0,,,
Kieron Freeman,Kieron Freeman,100.0,2.0,,,
Luke Freeman,Luke Freeman,100.0,13.0,,,
Eric García,Eric Garcia,91.0,44.0,,,
Jean-Philippe Gbamin,Jean-Philippe Gbamin,100.0,8.0,,,
Anwar El Ghazi,Anwar El Ghazi,100.0,226.0,,,
Billy Gilmour,Billy Gilmour,100.0,145.0,,,
Ben Godfrey,Ben Godfrey,100.0,238.0,,,
Anthony Gordon,Anthony Gordon,100.0,363.0,,,
Jack Grealish,Jack Grealish,100.0,541.0,,,
Frederic Guilbert,Frédéric Guilbert,88.0,62.0,1.0,,
Sébastien Haller,Sébastien Haller,100.0,143.0,,,
Grant Hanley,Grant Hanley,100.0,94.0,,,
Kortney Hause,Kortney Hause,100.0,86.0,,,
Dean Henderson,Dean Henderson,100.0,325.0,,,
Onel Hernández,Onel Hernández,100.0,52.0,,,
George Hirst,George Hirst,100.0,2.0,,,
Nathan Holland,Nathan Holland,100.0,2.0,,,
Conor Hourihane,Conor Hourihane,100.0,103.0,,,
Adam Idah,Adam Idah,100.0,49.0,,,
Daniel James,Daniel James,100.0,274.0,,,
Reece James,Reece James,100.0,367.0,,,
João Pedro,João Pedro Junqueira de Jesus,100.0,160.0,,,
Joelinton,Joelinton Cássio Apolinário de Lira,90.0,392.0,,,
Curtis Jones,Curtis Jones,100.0,193.0,,,
Bruno Jordão,Bruno André Cavaco Jordao,86.0,1.0,1.0,,
Jota,José Ignacio Peleteiro Romallo,100.0,17.0,,,
James Justin,James Justin,100.0,210.0,,,
Moise Kean,Moise Kean,100.0,56.0,,,
Lloyd Kelly,Lloyd Kelly,100.0,117.0,,,
Timm Klose,Timm Klose,100.0,9.0,,,
Jonathan Kodjia,Jonathan Kodjia,100.0,5.0,,,
Ezri Konsa,Ezri Konsa Ngoyo,90.0,462.0,,,
Emil Krafth,Emil Krafth,100.0,171.0,,,
Tim Krul,Tim Krul,100.0,199.0,,,
Tariq Lamptey,Tariq Lamptey,100.0,186.0,,,
Henri Lansbury,Henri Lansbury,100.0,12.0,,,
Valentino Lazaro,Valentino Lazaro,100.0,19.0,,,
Moritz Leitner,Moritz Leitner,100.0,16.0,,,
Jamal Lewis,Jamal Lewis,100.0,104.0,,,
Giovani Lo Celso,Giovani Lo Celso,100.0,145.0,,,
Matthew Longstaff,Matthew Longstaff,100.0,37.0,,,
Douglas Luiz,Douglas Luiz Soares de Paulo,90.0,538.0,,,
John Lundstram,John Lundstram,100.0,192.0,,,
Alexis Mac Allister,Alexis Mac Allister,100.0,391.0,,,
Pablo Marí,Pablo Marí,100.0,43.0,,,
David Martin,David Martin,100.0,20.0,,,
Josh Martin,Josh Martin,100.0,5.0,,,
Gabriel Martinelli,Gabriel Martinelli Silva,100.0,498.0,,,
Neal Maupay,Neal Maupay,100.0,451.0,,,
John McGinn,John McGinn,100.0,515.0,,,
David McGoldrick,David McGoldrick,100.0,165.0,,,
Michael McGovern,Michael McGovern,100.0,11.0,,,
Kenny McLean,Kenny McLean,100.0,146.0,,,
Takumi Minamino,Takumi Minamino,100.0,87.0,,,
Tyrick Mitchell,Tyrick Mitchell,100.0,375.0,,,
Simon Moore,Simon Moore,100.0,3.0,,,
Wesley Moraes,Wesley Moraes,100.0,71.0,,,
Ravel Morrison,Ravel Morrison,100.0,1.0,,,
Mason Mount,Mason Mount,100.0,558.0,,,
Marvelous Nakamba,Marvelous Nakamba,100.0,113.0,,,
Tanguy Ndombele,Tanguy Ndombele,100.0,166.0,,,
Pedro Neto,Pedro Lomba Neto,100.0,325.0,,,
Jeremy Ngakia,Jeremy Ngakia,100.0,36.0,,,
Oliver Norwood,Oliver Norwood,100.0,194.0,,,
Ørjan Nyland,Ørjan Nyland,100.0,15.0,,,
Jack O'Connell,Jack O'Connell,100.0,114.0,,,
Ben Osborn,Ben Osborn,100.0,107.0,,,
Troy Parrott,Troy Parrott,100.0,2.0,,,
Nicolas Pépé,Nicolas Pépé,100.0,265.0,,,
Brandon Pierrick,Brandon Pierrick,100.0,2.0,,,
Daniel Podence,Daniel Castelo Podence,86.0,262.0,1.0,,
Dennis Praet,Dennis Praet,100.0,125.0,,,
Teemu Pukki,Teemu Pukki,100.0,281.0,,,
Christian Pulisic,Christian Pulisic,100.0,325.0,,,
Ignacio Pussetto,Ignacio Pussetto,100.0,6.0,,,
Aaron Ramsdale,Aaron Ramsdale,100.0,547.0,,,
Pepe Reina,José Reina,100.0,41.0,,,
Roberto,Roberto Jimenez Gago,100.0,18.0,,,
Patrick Roberts,Patrick Roberts,100.0,3.0,,,
Callum Robinson,Callum Robinson,100.0,112.0,,,
Jack Robinson,Jack Robinson,100.0,78.0,,,
Rodri,Rodrigo Hernandez,100.0,563.0,,,
Lukas Rupp,Lukas Rupp,100.0,42.0,,,
Allan Saint-Maximin,Allan Saint-Maximin,100.0,359.0,,,
Mbwana Samatta,Mbwana Samatta,100.0,29.0,,,
Ismaila Sarr,Ismaila Sarr,100.0,81.0,,,
Billy Sharp,Billy Sharp,100.0,96.0,,,
Djibril Sidibé,Djibril Sidibé,100.0,74.0,,,
William Smallbone,William Smallbone,100.0,34.0,,,
Emile Smith Rowe,Emile Smith Rowe,100.0,245.0,,,
Tomáš Souček,Tomáš Souček,100.0,506.0,,,
Dennis Srbeny,Dennis Srbeny,100.0,13.0,,,
Jack Stacey,Jack Stacey,100.0,45.0,,,
Jed Steer,Jed Steer,100.0,2.0,,,
Enda Stevens,Enda Stevens,100.0,198.0,,,
Marco Stiepermann,Marco Stiepermann,100.0,32.0,,,
Japhet Tanganga,Japhet Tanganga,100.0,64.0,,,
Nathan Tella,Nathan Tella,100.0,66.0,,,
Alexander Tettey,Alexander Tettey,100.0,67.0,,,
Jordan Thomas,Jordan Thomas,100.0,1.0,,,
Luke Thomas,Luke Thomas,100.0,126.0,,,
Max Thompson,Max Thompson,100.0,1.0,,,
Kieran Tierney,Kieran Tierney,100.0,281.0,,,
Fikayo Tomori,Fikayo Tomori,100.0,48.0,,,
Trézéguet,Mahmoud Ahmed Ibrahim Hassan,100.0,155.0,,,
Leandro Trossard,Leandro Trossard,100.0,656.0,,,
Tom Trybull,Tom Trybull,100.0,28.0,,,
Jesús Vallejo,Jesús Vallejo Lázaro,90.0,1.0,,,
Indiana Vassilev,Indiana Vassilev,100.0,4.0,,,
Jake Vokins,Jake Vokins,100.0,3.0,,,
Mario Vrančić,Mario Vrancic,85.0,29.0,1.0,,
Kelland Watts,Kelland Watts,100.0,1.0,,,
Adam Webster,Adam Webster,100.0,329.0,,,
Jetro Willems,Jetro Willems,100.0,64.0,,,
Brandon Williams,Brandon Williams,100.0,92.0,,,
Neco Williams,Neco Williams,100.0,122.0,,,
Harry Wilson,Harry Wilson,100.0,237.0,,,
Christoph Zimmermann,Christoph Zimmermann,100.0,35.0,,,
Richairo Živković,Richairo Zivkovic,88.0,5.0,1.0,,
Tosin Adarabioyo,Tosin Adarabioyo,100.0,215.0,,,
Rayan Aït-Nouri,Rayan Aït-Nouri,100.0,116.0,,,
Semi Ajayi,Isaac Success Ajayi,86.0,46.0,1.0,,
Thiago Alcántara,Thiago Alcántara do Nascimento,100.0,247.0,,,
Rúnar Alex Rúnarsson,Rúnar Alex Rúnarsson,100.0,1.0,,,
Ezgjan Alioski,Ezgjan Alioski,100.0,110.0,,,
Allan,Marques Loureiro,100.0,,,,
Joachim Andersen,Joachim Andersen,100.0,411.0,,,
Elliot Anderson,Elliot Anderson,100.0,63.0,,,
Alphonse Areola,Alphonse Areola,100.0,243.0,,,
Luke Ayling,Luke Ayling,100.0,214.0,,,
Gareth Bale,Gareth Bale,100.0,113.0,,,
Donny van de Beek,Donny van de Beek,100.0,72.0,,,
Saïd Benrahma,Saïd Benrahma,100.0,337.0,,,
Josh Benson,Josh Benson,100.0,10.0,,,
Gaetano Berardi,Gaetano Berardi,100.0,8.0,,,
Jayden Bogle,Jayden Bogle,100.0,99.0,,,
Rhian Brewster,Rhian Brewster,100.0,43.0,,,
Nathan Broadhead,Nathan Broadhead,100.0,1.0,,,
Kean Bryan,Kean Bryan,100.0,29.0,,,
Oskar Buur,Oskar Buur,100.0,1.0,,,
Ian Carlo Poveda,Ian Carlo Poveda-Ocampo,95.0,14.0,,,
Scott Carson,Scott Carson,100.0,7.0,,,
Fabio Carvalho,Fábio Freitas Gouveia Carvalho,100.0,39.0,,,
Matty Cash,Matty Cash,100.0,121.0,,,
Kiko Casilla,Francisco Casilla Cortés,86.0,14.0,1.0,,
Timothy Castagne,Timothy Castagne,100.0,387.0,,,
Edinson Cavani,Edinson Cavani,100.0,133.0,,,
Carney Chukwuemeka,Carney Chukwuemeka,100.0,52.0,,,
Liam Cooper,Liam Cooper,100.0,150.0,,,
Theo Corbeanu,Theo Corbeanu,100.0,1.0,,,
Vladimír Coufal,Vladimír Coufal,100.0,82.0,,,
Stuart Dallas,Stuart Dallas,100.0,251.0,,,
Leif Davis,Leif Davis,100.0,2.0,,,
Liam Delap,Liam Delap,100.0,2.0,,,
Mbaye Diagne,Mbaye Diagne,100.0,57.0,,,
Amad Diallo,Amad Diallo,100.0,14.0,,,
Ibrahima Diallo,Ibrahima Diallo,100.0,94.0,,,
Rúben Dias,Rúben Gato Alves Dias,100.0,435.0,,,
Jimmy Dunne,Jimmy Dunne,100.0,9.0,,,
Kyle Edwards,Kyle Edwards,100.0,5.0,,,
Anthony Elanga,Anthony Elanga,100.0,206.0,,,
Eberechi Eze,Eberechi Eze,100.0,425.0,,,
Wesley Fofana,Wesley Fofana,100.0,125.0,,,
Tyrese Francois,Tyrese Francois,100.0,2.0,,,
Darnell Furlong,Darnell Furlong,100.0,79.0,,,
Conor Gallagher,Conor Gallagher,100.0,401.0,,,
Antwoine Hackford,Antwoine Hackford,100.0,3.0,,,
Jack Harrison,Jack Harrison,100.0,503.0,,,
Kai Havertz,Kai Havertz,100.0,473.0,,,
Michael Hector,Michael Hector,100.0,0.0,,,
Pablo Hernández,Pablo Hernández Domínguez,90.0,28.0,,,
Ki-Jana Hoever,Ki-Jana Hoever,100.0,27.0,,,
Niall Huggins,Niall Huggins,100.0,1.0,,,
Alexandre Jankewitz,Alexandre Jankewitz,100.0,-1.0,,,
Daniel Jebbison,Daniel Jebbison,100.0,12.0,,,
Sam Johnstone,Sam Johnstone,100.0,244.0,,,
Willian José,Willian José Da Silva,90.0,40.0,,,
Ozan Kabak,Ozan Kabak,100.0,44.0,,,
Caoimhín Kelleher,Caoimhin Kelleher,94.0,54.0,,,
Reda Khadra,Reda Khadra,100.0,1.0,,,
Mateusz Klich,Mateusz Klich,100.0,172.0,,,
Robin Koch,Robin Koch,100.0,116.0,,,
Filip Krovinović,Filip Krovinovic,94.0,17.0,,,
Khanya Leshabela,Thakgalo Leshabela,76.0,1.0,1.0,,
Diego Llorente,Diego Llorente,100.0,143.0,,,
Max Lowe,Max Lowe,100.0,20.0,,,
Gabriel Magalhães,Gabriel dos Santos Magalhães,86.0,511.0,1.0,,
Josh Maja,Josh Maja,100.0,40.0,,,
Fernando Marçal,Fernando Marçal,100.0,86.0,,,
Jean-Philippe Mateta,Jean-Philippe Mateta,100.0,253.0,,,
Hannibal Mejbri,Hannibal Mejbri,100.0,13.0,,,
Edouard Mendy,Edouard Mendy,100.0,294.0,,,
Illan Meslier,Illan Meslier,100.0,350.0,,,
Jakub Moder,Jakub Moder,100.0,97.0,,,
Jayson Molumby,Jayson Molumby,100.0,1.0,,,
Joel Mumbongo,Joel Mumbongo,100.0,3.0,,,
Iliman Ndiaye,Iliman Ndiaye,100.0,1.0,,,
Niels Nkounkou,Niels Nkounkou,100.0,2.0,,,
Dan Nlundulu,Daniel N'Lundulu,86.0,13.0,1.0,,
Dara O'Shea,Dara O'Shea,100.0,108.0,,,
Robin Olsen,Robin Olsen,100.0,52.0,,,
Owen Otasowie,Owen Otasowie,100.0,9.0,,,
Thomas Partey,Thomas Partey,100.0,224.0,,,
Bailey Peacock-Farrell,Bailey Peacock-Farrell,100.0,3.0,,,
Matheus Pereira,Matheus Pereira,100.0,153.0,,,
Kalvin Phillips,Kalvin Phillips,100.0,130.0,,,
Nathaniel Phillips,Nathaniel Phillips,100.0,71.0,,,
Jaden Philogene Bidace,Jaden Philogene-Bidace,100.0,3.0,,,
Jacob Ramsey,Jacob Ramsey,100.0,301.0,,,
Raphinha,Raphael Dias Belloli,100.0,278.0,,,
Sergio Reguilón,Sergio Reguilón,100.0,264.0,,,
Lewis Richardson,Lewis Richardson,100.0,2.0,,,
Tyler Roberts,Tyler Roberts,100.0,83.0,,,
Antonee Robinson,Antonee Robinson,100.0,255.0,,,
Marek Rodák,Marek Rodák,100.0,8.0,,,
Joe Rodon,Joe Rodon,100.0,30.0,,,
Rodrigo,Rodrigo Moreno,100.0,301.0,,,
James Rodríguez,James Rodríguez,100.0,101.0,,,
Mohammed Salisu,Mohammed Salisu,100.0,105.0,,,
Robert Sánchez,Robert Sánchez,100.0,368.0,,,
Morgan Sanson,Morgan Sanson,100.0,25.0,,,
Romaine Sawyers,Romaine Sawyers,100.0,33.0,,,
Dane Scarlett,Dane Scarlett,100.0,4.0,,,
Nélson Semedo,Nélson Cabral Semedo,86.0,343.0,1.0,,
Femi Seriki,Femi Seriki,100.0,1.0,,,
Jamie Shackleton,Jamie Shackleton,100.0,36.0,,,
Shola Shoretire,Shola Shoretire,100.0,3.0,,,
Fábio Silva,Fábio Silva,100.0,8.0,,,
Thiago Silva,Thiago Emiliano da Silva,100.0,304.0,,,
Zack Steffen,Zack Steffen,100.0,9.0,,,
Pascal Struijk,Pascal Struijk,100.0,172.0,,,
Percy Tau,Percy Tau,100.0,7.0,,,
Sidnei Tavares,Sidnei Tavares,100.0,3.0,,,
Allan Tchaptchet,Allan Tchaptchet,100.0,0.0,,,
Alex Telles,Alex Telles,100.0,0.0,,,
Kenny Tete,Kenny Tete,100.0,166.0,,,
William Thomas Fish,William Fish,100.0,1.0,,,
Ferrán Torres,Ferran Torres,92.0,121.0,,,
Conor Townsend,Conor Townsend,100.0,76.0,,,
Bertrand Traoré,Bertrand Traoré,100.0,170.0,,,
Kostas Tsimikas,Konstantinos Tsimikas,83.0,140.0,1.0,,
Cengiz Ünder,Cengiz Ünder,100.0,16.0,,,
Joël Veltman,Joël Veltman,100.0,328.0,,,
Carlos Vinícius,Carlos Vinícius Alves Morais,90.0,94.0,,,
João Virgínia,João Virgínia,100.0,2.0,,,
Vitinha,Vitor Ferreira,100.0,26.0,,,
Ollie Watkins,Ollie Watkins,100.0,695.0,,,
Caleb Watts,Caleb Watts,100.0,2.0,,,
Timo Werner,Timo Werner,100.0,236.0,,,
Ben White,Ben White,100.0,211.0,,,
Rhys Williams,Rhys Williams,100.0,28.0,,,
Okay Yokuşlu,Okay Yokuslu,92.0,34.0,,,
Andi Zeqiri,Andi Zeqiri,100.0,9.0,,,
Hakim Ziyech,Hakim Ziyech,100.0,182.0,,,
Martin Ødegaard,Martin Ødegaard,100.0,556.0,,,
Kristoffer Ajer,Kristoffer Ajer,100.0,172.0,,,
Cameron Archer,Cameron Archer,100.0,87.0,,,
Adam Armstrong,Adam Armstrong,100.0,111.0,,,
Harrison Ashby,Harrison Ashby,100.0,1.0,,,
Daniel Bachmann,Daniel Bachmann,100.0,25.0,,,
Leon Bailey,Leon Bailey,100.0,283.0,,,
Folarin Balogun,Folarin Balogun,100.0,2.0,,,
Shandon Baptiste,Shandon Baptiste,100.0,83.0,,,
Lewis Bate,Lewis Bate,100.0,3.0,,,
Mads Bech Sørensen,Mads Bech Sørensen,100.0,26.0,,,
Rodrigo Bentancur,Rodrigo Bentancur,100.0,151.0,,,
Mads Bidstrup,Mads Bidstrup,100.0,4.0,,,
Lewis Brunt,Lewis Brunt,100.0,2.0,,,
Moisés Caicedo,Moisés Caicedo,100.0,27.0,,,
Chem Campbell,Chem Campbell,100.0,6.0,,,
Sergi Canós,Sergi Canós,100.0,81.0,,,
Kayky Chagas,Kayky da Silva Chagas,86.0,1.0,1.0,,
Trevoh Chalobah,Trevoh Chalobah,100.0,182.0,,,
Daniel Chesters,Daniel Chesters,100.0,1.0,,,
Chiquinho,Francisco Jorge Tomás Oliveira,100.0,20.0,,,
Nathan Collins,Nathan Collins,100.0,186.0,,,
Maxwel Cornet,Maxwel Cornet,100.0,131.0,,,
Charlie Cresswell,Charlie Cresswell,100.0,4.0,,,
Cucho,Juan Camilo Hernández Suárez,100.0,62.0,,,
Marc Cucurella,Marc Cucurella,100.0,126.0,,,
Luke Cundle,Luke Cundle,100.0,7.0,,,
Patson Daka,Patson Daka,100.0,140.0,,,
Josh Dasilva,Josh Dasilva,100.0,84.0,,,
Emmanuel Dennis,Emmanuel Dennis,100.0,173.0,,,
Kiernan Dewsbury-Hall,Kiernan Dewsbury-Hall,100.0,152.0,,,
Luis Díaz,Luis Díaz,100.0,263.0,,,
Lewis Dobbin,Lewis Dobbin,100.0,19.0,,,
Kieran Dowell,Kieran Dowell,100.0,41.0,,,
Cody Drameh,Cody Drameh,100.0,1.0,,,
Odsonne Édouard,Odsonne Edouard,93.0,246.0,,,
CJ Egan-Riley,CJ Egan-Riley,100.0,0.0,,,
Emerson,Emerson Aparecido Leite de Souza Junior,90.0,102.0,,,
Oghenekaro Etebo,Oghenekaro Peter Etebo,95.0,10.0,,,
Evan Ferguson,Evan Ferguson,100.0,135.0,,,
Nathan Ferguson,Nathan Ferguson,100.0,1.0,,,
Álvaro Fernández,Álvaro Fernández,100.0,31.0,,,
Junior Firpo,Héctor Junior Firpo Adames,90.0,22.0,,,
Marcus Forss,Marcus Forss,100.0,11.0,,,
Tariqe Fosu,Tariqe Fosu-Henry,90.0,1.0,,,
Leo Fuhr Hjelde,Leo Fuhr Hjelde,100.0,2.0,,,
Alejandro Garnacho,Alejandro Garnacho,100.0,163.0,,,
Joe Gelhardt,Joe Gelhardt,100.0,63.0,,,
Saman Ghoddos,Saman Ghoddos,100.0,70.0,,,
Dimitris Giannoulis,Dimitris Giannoulis,100.0,39.0,,,
Bryan Gil,Bryan Gil Salvatierra,90.0,30.0,,,
Toti Gomes,Toti António Gomes,100.0,130.0,,,
Charlie Goode,Charlie Goode,100.0,10.0,,,
Kaide Gordon,Kaide Gordon,100.0,2.0,,,
Sam Greenwood,Sam Greenwood,100.0,45.0,,,
Marc Guéhi,Marc Guéhi,100.0,277.0,,,
Bruno Guimarães,Bruno Guimarães Rodriguez Moura,90.0,307.0,,,
Hwang Hee-chan,Hwang Hee-chan,100.0,181.0,,,
Rico Henry,Rico Henry,100.0,233.0,,,
Tim Iroegbunam,Tim Iroegbunam,100.0,13.0,,,
Vitaly Janelt,Vitaly Janelt,100.0,258.0,,,
Pontus Jansson,Pontus Jansson,100.0,151.0,,,
Mathias Jensen,Mathias Jensen,100.0,283.0,,,
Samuel Kalu,Samuel Kalu,100.0,7.0,,,
Hassane Kamara,Hassane Kamara,100.0,38.0,,,
Edo Kayembe,Edo Kayembe,100.0,24.0,,,
Kristoffer Klaesson,Kristoffer Klaesson,100.0,2.0,,,
Ibrahima Konaté,Ibrahima Konaté,100.0,138.0,,,
Alex Král,Alex Kral,89.0,1.0,1.0,,
Juraj Kucka,Juraj Kucka,100.0,54.0,,,
Dejan Kulusevski,Dejan Kulusevski,100.0,306.0,,,
Pierre Lees-Melou,Pierre Lees-Melou,100.0,70.0,,,
Valentino Livramento,Valentino Livramento,100.0,0.0,,,
Imran Louza,Imrân Louza,91.0,31.0,,,
Lyanco,Lyanco Evangelista Silveira Neves Vojnovic,90.0,19.0,,,
Bryan Mbeumo,Bryan Mbeumo,100.0,382.0,,,
James Mcatee,James McAtee,100.0,79.0,,,
Kasey McAteer,Kasey McAteer,100.0,1.0,,,
Liam McCarron,Liam McCarron,100.0,1.0,,,
Stuart McKinstry,Stuart McKinstry,100.0,1.0,,,
Tyler Morton,Tyler Morton,100.0,1.0,,,
Bali Mumba,Bali Mumba,100.0,0.0,,,
Enock Mwepu,Enock Mwepu,100.0,69.0,,,
Vitaliy Mykolenko,Vitalii Mykolenko,94.0,218.0,,,
Saúl Ñíguez,Saúl Ñíguez,100.0,16.0,,,
Nicolas Nkoulou,Nicolas Nkoulou,100.0,5.0,,,
Mathias Normann,Mathias Normann,100.0,52.0,,,
Christian Nørgaard,Christian Nørgaard,100.0,241.0,,,
Michael Olise,Michael Olise,100.0,312.0,,,
Andrew Omobamidele,Andrew Omobamidele,100.0,25.0,,,
Tyler Onyango,Tyler Onyango,100.0,4.0,,,
Frank Onyeka,Frank Onyeka,100.0,112.0,,,
Cole Palmer,Cole Palmer,100.0,252.0,,,
Sonny Perkins,Sonny Perkins,100.0,1.0,,,
Romain Perraud,Romain Perraud,100.0,109.0,,,
Ethan Pinnock,Ethan Pinnock,100.0,277.0,,,
Isaac Price,Isaac Price,100.0,1.0,,,
Przemysław Płacheta,Przemyslaw Placheta,89.0,18.0,1.0,,
Jesurun Rak Sakyi,Jesurun Rak-Sakyi,100.0,12.0,,,
Milot Rashica,Milot Rashica,100.0,70.0,,,
David Raya,David Raya Martin,90.0,389.0,,,
Taylor Richards,Taylor Richards,100.0,2.0,,,
Mads Roerslev,Mads Roerslev Rasmussen,90.0,162.0,,,
Cristian Romero,Cristian Romero,100.0,228.0,,,
Cristiano Ronaldo,Cristiano Ronaldo dos Santos Aveiro,90.0,179.0,,,
Jon Rowe,Jonathan Rowe,100.0,16.0,,,
José Sá,José Malheiro de Sá,100.0,397.0,,,
Albert Sambi Lokonga,Albert Sambi Lokonga,100.0,92.0,,,
Jadon Sancho,Jadon Sancho,100.0,199.0,,,
Samir Santos,Samir Caetano de Souza Santos,100.0,36.0,,,
Josh Sargent,Joshua Sargent,92.0,60.0,,,
Jeremy Sarmiento,Jeremy Sarmiento,100.0,5.0,,,
Malang Sarr,Malang Sarr,100.0,30.0,,,
Francisco Sierralta,Francisco Sierralta,100.0,5.0,,,
Ellis Simms,Ellis Simms,100.0,19.0,,,
Boubakary Soumaré,Boubakary Soumaré,100.0,77.0,,,
Tony Springett,Tony Springett,100.0,3.0,,,
Jason Steele,Jason Steele,100.0,108.0,,,
Finley Stevens,Finley Stevens,100.0,1.0,,,
Crysencio Summerville,Crysencio Summerville,100.0,80.0,,,
Jakob Sørensen,Jacob Sørensen,93.0,9.0,,,
Nuno Tavares,Nuno Varela Tavares,100.0,60.0,,,
Dominic Thompson,Dominic Thompson,100.0,3.0,,,
Takehiro Tomiyasu,Takehiro Tomiyasu,100.0,162.0,,,
Ivan Toney,Ivan Toney,100.0,373.0,,,
Francisco Trincão,Francisco Machado Mota de Castro Trincão,100.0,66.0,,,
William Troost-Ekong,William Troost-Ekong,100.0,18.0,,,
Ozan Tufan,Ozan Tufan,100.0,10.0,,,
Christos Tzolis,Christos Tzolis,100.0,16.0,,,
Raphaël Varane,Raphaël Varane,100.0,195.0,,,
Wout Weghorst,Wout Weghorst,100.0,79.0,,,
Yoane Wissa,Yoane Wissa,100.0,314.0,,,
Freddie Woodman,Freddie Woodman,100.0,9.0,,,
Nathan Young-Coombes,Nathan Young-Coombes,100.0,1.0,,,
Brenden Aaronson,Brenden Aaronson,100.0,83.0,,,
George Abbott,George Abbott,100.0,1.0,,,
Tyler Adams,Tyler Adams,100.0,51.0,,,
Nayef Aguerd,Nayef Aguerd,100.0,94.0,,,
Naouirou Ahamada,Naouirou Ahamada,100.0,24.0,,,
Manuel Akanji,Manuel Akanji,100.0,180.0,,,
Carlos Alcaraz,Carlos Alcaraz,100.0,55.0,,,
Julián Álvarez,Julián Álvarez,100.0,255.0,,,
Samuel Amo-Ameyaw,Samuel Amo-Ameyaw,100.0,1.0,,,
Jaidon Anthony,Jaidon Anthony,100.0,64.0,,,
Antony,Antony Matheus dos Santos,90.0,128.0,,,
Joe Aribo,Joe Ayodele-Aribo,86.0,46.0,1.0,,
Ludwig Augustinsson,Ludwig Augustinsson,100.0,2.0,,,
Taiwo Awoniyi,Taiwo Awoniyi,100.0,165.0,,,
Yasin Ayari,Yasin Ayari,100.0,3.0,,,
Benoît Badiashile,Benoît Badiashile,100.0,73.0,,,
Stefan Bajcetic,Stefan Bajcetic,100.0,23.0,,,
Dominic Ballard,Dominic Ballard,100.0,2.0,,,
Gavin Bazunu,Gavin Bazunu,100.0,84.0,,,
Armel Bella Kotchap,Armel Bella-Kotchap,100.0,49.0,,,
Daniel Bentley,Daniel Bentley,100.0,23.0,,,
Victor Bernth Kristiansen,Victor Kristiansen,95.0,16.0,,,
Owen Bevan,Owen Bevan,100.0,1.0,,,
Giulian Biancone,Giulian Biancone,100.0,2.0,,,
Sven Botman,Sven Botman,100.0,180.0,,,
James Bree,James Bree,100.0,4.0,,,
Hugo Bueno,Hugo Bueno,100.0,0.0,,,
Facundo Buonanotte,Facundo Buonanotte,100.0,79.0,,,
Cafú,Carlos Ribeiro Dias,100.0,1.0,,,
Duje Ćaleta-Car,Duje Caleta-Car,93.0,28.0,,,
Thomas Cannon,Thomas Cannon,100.0,3.0,,,
Diego Carlos,Diego Carlos Santos Silva,90.0,58.0,,,
Casemiro,Carlos Henrique Casimiro,79.0,137.0,1.0,,
Shea Charles,Shea Charles,100.0,1.0,,,
Ryan Christie,Ryan Christie,100.0,149.0,,,
Bobby Clark,Bobby Clark,100.0,6.0,,,
Jack Colback,Jack Colback,100.0,14.0,,,
Levi Colwill,Levi Colwill,100.0,111.0,,,
Conor Coventry,Conor Coventry,100.0,1.0,,,
Matthew Craig,Matthew Craig,100.0,1.0,,,
Matheus Cunha,Matheus Santos Carneiro Da Cunha,100.0,167.0,,,
Mikkel Damsgaard,Mikkel Damsgaard,100.0,74.0,,,
David Datro Fofana,David Datro Fofana,100.0,52.0,,,
Siriki Dembélé,Siriki Dembélé,100.0,6.0,,,
Halil Dervişoğlu,Halil Dervişoğlu,100.0,4.0,,,
Ben Doak,Ben Doak,100.0,3.0,,,
Cheick Doucouré,Cheick Doucouré,100.0,95.0,,,
Flynn Downes,Flynn Downes,100.0,27.0,,,
Kami Doyle,Kamari Doyle,91.0,1.0,,,
Jhon Durán,Jhon Durán,100.0,47.0,,,
Malcolm Ebiowei,Malcolm Ebiowei,100.0,3.0,,,
Samuel Edozie,Samuel Edozie,100.0,23.0,,,
Julio Enciso,Julio Enciso,100.0,73.0,,,
Pervis Estupiñán,Pervis Estupiñán,100.0,185.0,,,
Wout Faes,Wout Faes,100.0,78.0,,,
Felipe,Felipe Augusto de Almeida Monteiro,100.0,32.0,,,
João Félix,João Félix Sequeira,90.0,44.0,,,
Enzo Fernández,Enzo Fernández,100.0,119.0,,,
Remo Freuler,Remo Freuler,100.0,54.0,,,
Cody Gakpo,Cody Gakpo,100.0,188.0,,,
Wilfried Gnonto,Wilfried Gnonto,100.0,55.0,,,
João Gomes,João Victor Gomes da Silva,100.0,92.0,,,
Sergio Gómez,Sergio Gómez,100.0,30.0,,,
Gonçalo Guedes,Gonçalo Bento Soares Cardoso,86.0,0.0,,,
Darko Gyabi,Darko Gyabi,100.0,1.0,,,
Erling Haaland,Erling Haaland,100.0,472.0,,,
Lewis Hall,Lewis Hall,100.0,48.0,,,
Luke Harris,Luke Harris,100.0,5.0,,,
Jan Paul van Hecke,Jan Paul van Hecke,100.0,67.0,,,
Aaron Hickey,Aaron Hickey,100.0,80.0,,,
Jack Hinshelwood,Jack Hinshelwood,100.0,43.0,,,
Joseph Hodge,Joseph Hodge,100.0,5.0,,,
Omari Hutchinson,Omari Hutchinson,100.0,1.0,,,
Alexander Isak,Alexander Isak,100.0,254.0,,,
Daniel Iversen,Daniel Iversen,100.0,29.0,,,
Brennan Johnson,Brennan Johnson,100.0,240.0,,,
Mateo Joseph,Mateo Joseph Fernández,90.0,3.0,,,
Hamed Junior Traorè,Hamed Traorè,100.0,17.0,,,
Sasa Kalajdzic,Sasa Kalajdzic,100.0,25.0,,,
Boubacar Kamara,Boubacar Kamara,100.0,84.0,,,
Thilo Kehrer,Thilo Kehrer,100.0,69.0,,,
Jakub Kiwior,Jakub Kiwior,100.0,92.0,,,
Kalidou Koulibaly,Kalidou Koulibaly,100.0,74.0,,,
Rasmus Kristensen,Rasmus Kristensen,100.0,51.0,,,
Layvin Kurzawa,Layvin Kurzawa,100.0,2.0,,,
Juan Larios,Juan Larios López,90.0,4.0,,,
Roméo Lavia,Roméo Lavia,100.0,58.0,,,
Dexter Lembikisa,Dexter Lembikisa,100.0,1.0,,,
Clément Lenglet,Clément Lenglet,100.0,88.0,,,
Rico Lewis,Rico Lewis,100.0,80.0,,,
Keane Lewis-Potter,Keane Lewis-Potter,100.0,84.0,,,
Renan Lodi,Renan Augusto Lodi dos Santos,86.0,56.0,1.0,,
Jamal Lowe,Jamal Lowe,100.0,2.0,,,
Saša Lukić,Saša Lukić,100.0,43.0,,,
Noni Madueke,Noni Madueke,100.0,96.0,,,
Kobbie Mainoo,Kobbie Mainoo,100.0,64.0,,,
Tyrell Malacia,Tyrell Malacia,100.0,62.0,,,
Orel Mangala,Orel Mangala,100.0,90.0,,,
Sekou Mara,Sékou Mara,90.0,32.0,,,
Emiliano Marcondes,Emiliano Marcondes,100.0,1.0,,,
Marquinhos,Marcus Oliveira Alencar,100.0,1.0,,,
Lisandro Martínez,Lisandro Martínez,100.0,94.0,,,
Pape Matar Sarr,Pape Matar Sarr,100.0,95.0,,,
Kevin Mbabu,Kevin Mbabu,100.0,7.0,,,
Scott McKenna,Scott McKenna,100.0,52.0,,,
Weston McKennie,Weston McKennie,100.0,31.0,,,
Alex Mighten,Alex Mighten,100.0,1.0,,,
Lewis Miley,Lewis Miley,100.0,45.0,,,
Kaoru Mitoma,Kaoru Mitoma,100.0,212.0,,,
Kieffer Moore,Kieffer Moore,100.0,71.0,,,
Andrew Moran,Andrew Moran,100.0,1.0,,,
Álex Moreno,Alexandre Moreno Lopera,86.0,121.0,1.0,,
Divin Mubama,Divin Mubama,100.0,8.0,,,
Mykhailo Mudryk,Mykhailo Mudryk,100.0,111.0,,,
Keylor Navas,Keylor Navas,100.0,43.0,,,
Neto,Norberto Murara Neto,90.0,201.0,,,
Moussa Niakhate,Moussa Niakhaté,93.0,53.0,,,
Matheus Nunes,Matheus Luiz Nunes,95.0,112.0,,,
Darwin Núñez,Darwin Núñez Ribeiro,90.0,230.0,,,
Ethan Nwaneri,Ethan Nwaneri,100.0,2.0,,,
Lewis O'Brien,Lewis O'Brien,100.0,22.0,,,
Odeluga Offiah,Odeluga Offiah,100.0,3.0,,,
Amadou Onana,Amadou Onana,100.0,138.0,,,
Paul Onuachu,Paul Onuachu,100.0,14.0,,,
Mislav Oršić,Mislav Orsic,83.0,1.0,1.0,,
Stefan Ortega,Stefan Ortega Moreno,90.0,41.0,,,
Dango Ouattara,Dango Ouattara,100.0,102.0,,,
David Ozoh,David Ozoh,100.0,9.0,,,
João Palhinha,João Palhinha Gonçalves,90.0,170.0,,,
Lucas Paquetá,Lucas Tolentino Coelho de Lima,100.0,194.0,,,
Nathan Patterson,Nathan Patterson,100.0,65.0,,,
Ben Pearson,Ben Pearson,100.0,9.0,,,
Facundo Pellistri,Facundo Pellistri,100.0,0.0,,,
Ivan Perišić,Ivan Perišić,100.0,100.0,,,
Máximo Perrone,Máximo Perrone,100.0,1.0,,,
Cameron Peupion,Cameron Peupion,100.0,1.0,,,
Pedro Porro,Pedro Porro,100.0,171.0,,,
Chris Richards,Chris Richards,100.0,67.0,,,
Marc Roca,Marc Roca Junqué,90.0,67.0,,,
Connor Ronan,Connor Ronan,100.0,1.0,,,
Joe Rothwell,Joe Rothwell,100.0,46.0,,,
Georginio Rutter,Georginio Rutter,100.0,15.0,,,
Marcel Sabitzer,Marcel Sabitzer,100.0,25.0,,,
William Saliba,William Saliba,100.0,270.0,,,
Pablo Sarabia,Pablo Sarabia,100.0,126.0,,,
Gianluca Scamacca,Gianluca Scamacca,100.0,41.0,,,
Gustavo Scarpa,Gustavo Henrique Furtado Scarpa,86.0,5.0,1.0,,
Kevin Schade,Kevin Schade,100.0,60.0,,,
Antoine Semenyo,Antoine Semenyo,100.0,122.0,,,
Marcos Senesi,Marcos Senesi,100.0,167.0,,,
Luis Sinisterra,Luis Sinisterra,100.0,43.0,,,
Manor Solomon,Manor Solomon,100.0,58.0,,,
Harry Souttar,Harry Souttar,100.0,20.0,,,
Djed Spence,Djed Spence,100.0,4.0,,,
Jay Stansfield,Jay Stansfield,100.0,7.0,,,
Kamaldeen Sulemana,Kamaldeen Sulemana,100.0,45.0,,,
Marcus Tavernier,Marcus Tavernier,100.0,181.0,,,
Tetê,Mateus Cardoso Lemos Martins,100.0,27.0,,,
Harry Toffolo,Harry Toffolo,100.0,80.0,,,
Boubacar Traoré,Boubacar Traoré,100.0,38.0,,,
Deniz Undav,Deniz Undav,100.0,52.0,,,
Fabio Vieira,Fábio Ferreira Vieira,100.0,64.0,,,
Matías Viña,Matías Viña,100.0,28.0,,,
Harvey White,Harvey White,100.0,1.0,,,
Joseph Whitworth,Joseph Whitworth,100.0,3.0,,,
Maximilian Wöber,Maximilian Wöber,100.0,25.0,,,
Joe Worrall,Joe Worrall,100.0,74.0,,,
Ryan Yates,Ryan Yates,100.0,106.0,,,
Illia Zabarnyi,Illia Zabarnyi,100.0,89.0,,,
Denis Zakaria,Denis Zakaria,100.0,13.0,,,
Jordan Zemura,Jordan Zemura,100.0,47.0,,,
Joshua Acheampong,Josh Acheampong,94.0,1.0,,,
,Abd-Al-Ali Morakinyo Olaposi Koiki,,0.0,,,
,Abdul Rahman Baba,,0.0,,,
,Abu Kamara,,0.0,,,
,Adalberto Peñaranda,,0.0,,,
,Adam Davies,,0.0,,,
,Adam Legzdins,,0.0,,,
,Adam Matthews,,0.0,,,
,Adam Reach,,0.0,,,
,Adam Wharton,,42.0,1.0,,1.0
,Adama Traoré Diarra,,66.0,1.0,,1.0
,Addji Keaninkin Marc-Israel Guehi,,0.0,,,
,Adedapo Awokoya-Mebude,,0.0,,,
,Ademipo Odubeko,,0.0,,,
,Ademola Ola-Adebomi,,0.0,,,
,Admiral Muskwe,,0.0,,,
,Adrian Blake,,0.0,,,
,Adrien Sebastian Perruchet Silva,,26.0,1.0,,1.0
,Adrián Bernabé,,0.0,,,
,Ahmed El Mohamady,,72.0,1.0,,1.0
,Ahmed El-Sayed Hegazy,,6.0,1.0,,1.0
,Aidan Francis-Clarke,,0.0,,,
,Ajibola Alese,,0.0,,,
,Alejandro Garnacho Ferreyra,,2.0,1.0,,1.0
,Alejo Véliz,,11.0,1.0,,1.0
,Aleksandar Mitrovic,,144.0,1.0,,1.0
,Alex Baptiste,,0.0,,,
,Alex Bruce,,0.0,,,
,Alex Cochrane,,0.0,,,
,Alex Kirk,,0.0,,,
,Alex Matos,,1.0,1.0,,1.0
,Alex Murphy,,2.0,1.0,,1.0
,Alex Nicolao Telles,,92.0,1.0,,1.0
,Alex Palmer,,0.0,,,
,Alex Pike,,0.0,,,
,Alex Robertson,,0.0,,,
,Alex Scott,,39.0,1.0,,1.0
,Alex Smithies,,0.0,,,
,Alexander Manninger,,0.0,,,
,Alfie Devine,,0.0,,,
,Alfie Dorrington,,0.0,,,
,Alfie Doughty,,92.0,1.0,,1.0
,Alfie Gilchrist,,20.0,1.0,,1.0
,Alfie Jones,,0.0,,,
,Alfie Lewis,,0.0,,,
,Alfie Whiteman,,0.0,,,
,Ali Gabr,,0.0,,,
,Allan Campbell,,0.0,,,
,Allan Marques Loureiro,,105.0,1.0,,1.0
,Allan McGregor,,0.0,,,
,Almen Abdi,,0.0,,,
,Altay Bayindir,,0.0,,,
,Amadou Diallo,,1.0,1.0,,1.0
,Amara Nallo,,0.0,,,
,Amari'i Bell,,35.0,1.0,,1.0
,Amario Cozier-Duberry,,0.0,,,
,Ameen Al-Dakhil,,19.0,1.0,,1.0
,Anass Zaroury,,4.0,1.0,,1.0
,Anders Lindegaard,,0.0,,,
,Andre Brooks,,24.0,1.0,,1.0
,Andre Green,,0.0,,,
,Andreas Hoelgebaum Pereira,,248.0,1.0,,1.0
,Andreas Söndergaard,,0.0,,,
,Andrey Nascimento dos Santos,,1.0,1.0,,1.0
,André Onana,,121.0,1.0,,1.0
,André Tavares Gomes,,19.0,1.0,,1.0
,Andy Lonergan,,0.0,,,
,Anel Ahmedhodžić,,30.0,1.0,,1.0
,Anis Slimane,,13.0,1.0,,1.0
,Anssumane Fati Vieira,,31.0,1.0,,1.0
,Anthony Driscoll-Glennon,,0.0,,,
,Anthony Mancini,,0.0,,,
,Anthony Pilkington,,0.0,,,
,Antonio Martinez Lopez,,0.0,,,
,Archie Gray,,0.0,,,
,Archie Mair,,0.0,,,
,Aribim Pepple,,0.0,,,
,Arijanet Muric,,40.0,1.0,,1.0
,Armstrong Oko-Flex,,0.0,,,
,Arnaut Danjuma Groeneveld,,50.0,1.0,,1.0
,Arthur Henrique Ramos de Oliveira Melo,,0.0,,,
,Arthur Okonkwo,,0.0,,,
,Ashley Phillips,,0.0,,,
,Asmir Begovic,,177.0,1.0,,1.0
,Auston Trusty,,25.0,1.0,,1.0
,Axel Disasi,,71.0,1.0,,1.0
,Axel Piesold,,0.0,,,
,Ayotomiwa Dele-Bashiru,,0.0,,,
,Bafétimbi Gomis,,0.0,,,
,Barry Douglas,,0.0,,,
,Bart Verbruggen,,62.0,1.0,,1.0
,Bartosz Kapustka,,0.0,,,
,Bashir Humphreys,,0.0,,,
,Bastian Schweinsteiger,,0.0,,,
,Ben Brereton,,58.0,1.0,,1.0
,Ben Greenwood,,0.0,,,
,Ben Hinchcliffe,,0.0,,,
,Ben Jackson,,0.0,,,
,Ben Knight,,0.0,,,
,Ben Nelson,,0.0,,,
,Ben Parkinson,,1.0,1.0,,1.0
,Ben Wynter,,0.0,,,
,Bendegúz Bolla,,0.0,,,
,Benicio Baker-Boaitey,,4.0,1.0,,1.0
,Benjamin Arthur,,0.0,,,
,Benjamin Chrisene,,0.0,,,
,Benjamin Fredrick,,0.0,,,
,Benjamin White,,330.0,1.0,,1.0
,Bernard Ashley-Seal,,0.0,,,
,Bernardo Costa Da Rosa,,0.0,,,
,Bernardo Fernandes Da Silva Junior,,0.0,,,
,Bertrand Traore,,0.0,,,
,Billy Blacker,,0.0,,,
,Billy Koumetio,,0.0,,,
,Birkir Bjarnason,,0.0,,,
,Bjorn Engels,,42.0,1.0,,1.0
,Bobby De Cordova-Reid,,180.0,1.0,,1.0
,Bobby Decordova-Reid,,88.0,1.0,,1.0
,Bobby Thomas,,0.0,,,
,Bojan Krkic Perez,,2.0,1.0,,1.0
,Bonatini Lohner Maia Bonatini,,10.0,1.0,,1.0
,Borja González Tomás,,2.0,1.0,,1.0
,Bradley Ibrahim,,0.0,,,
,Braian Ojeda Rodríguez,,0.0,,,
,Brandon Aguilera Zamora,,1.0,1.0,,1.0
,Brandon Austin,,0.0,,,
,Brian Lenihan,,0.0,,,
,Brian Murphy,,0.0,,,
,Brice Dja Djédjé,,0.0,,,
,Brice Samba,,0.0,,,
,Bright Enobakhare,,0.0,,,
,Bruno André Cavaco Jordão,,0.0,,,
,Bruno Cavaco Jordão,,0.0,,,
,Bénie Traoré,,11.0,1.0,,1.0
,Caglar Söyüncü,,7.0,1.0,,1.0
,Caleb Taylor,,0.0,,,
,Callan McKenna,,0.0,,,
,Callum Marshall,,0.0,,,
,Callum McManaman,,0.0,,,
,Callum Roberts,,0.0,,,
,Callum Scanlon,,0.0,,,
,Calvin Bassey,,65.0,1.0,,1.0
,Calvin Ramsay,,0.0,,,
,Cameron Borthwick-Jackson,,0.0,,,
,Cameron Brannagan,,0.0,,,
,Cameron Carter-Vickers,,0.0,,,
,Cameron John,,0.0,,,
,Cameron Plain,,0.0,,,
,Carl Stewart,,0.0,,,
,Carlos Baleba,,30.0,1.0,,1.0
,Carlos De Pena,,0.0,,,
,Carlos Mendes Gomes,,0.0,,,
,Carlos Vinicius Alves Morais,,13.0,1.0,,1.0
,Carlton Morris,,140.0,1.0,,1.0
,Cauley Woodrow,,31.0,1.0,,1.0
,Cedric Kipre,,0.0,,,
,Cesare Casadei,,9.0,1.0,,1.0
,Charles Sagoe,,0.0,,,
,Charlie Patino,,0.0,,,
,Charlie Robinson,,0.0,,,
,Charlie Rowan,,0.0,,,
,Charlie Savage,,0.0,,,
,Charlie Whitaker,,0.0,,,
,Cheikh Diaby,,0.0,,,
,Chiedozie Ogbene,,75.0,1.0,,1.0
,Chris Long,,0.0,,,
,Christian Chigozie,,0.0,,,
,Christian Marques,,0.0,,,
,Christian Saydee,,0.0,,,
,Christian Walton,,0.0,,,
,Christopher Nkunku,,20.0,1.0,,1.0
,Chuba Akpom,,0.0,,,
,Cieran Slicker,,0.0,,,
,Claudio Gomes,,0.0,,,
,Clinton N'Jie,,0.0,,,
,Connor Mahoney,,0.0,,,
,Connor Randall,,0.0,,,
,Conor Bradley,,49.0,1.0,,1.0
,Conor Masterson,,0.0,,,
,Conrad Egan-Riley,,1.0,1.0,,1.0
,Cristian Gamboa,,0.0,,,
,Cédric Alves Soares,,13.0,1.0,,1.0
,Dael Fry,,0.0,,,
,Daiki Hashioka,,4.0,1.0,,1.0
,Dale Taylor,,0.0,,,
,Damian Emiliano Martinez,,8.0,1.0,,1.0
,Dan Potts,,0.0,,,
,Daniel Adshead,,0.0,,,
,Daniel Adu-Adjei,,0.0,,,
,Daniel Batty,,0.0,,,
,Daniel Gore,,1.0,1.0,,1.0
,Daniel Kemp,,0.0,,,
,Daniel Lafferty,,0.0,,,
,Daniel Langley,,0.0,,,
,Daniel Muñoz,,45.0,1.0,,1.0
,Danilo dos Santos de Oliveira,,109.0,1.0,,1.0
,Danny Batth,,0.0,,,
,Dara Costelloe,,0.0,,,
,Darko Churlinov,,0.0,,,
,Darnell Johnson,,0.0,,,
,Daryl Murphy,,0.0,,,
,David De Gea Quintana,,161.0,1.0,,1.0
,David de Gea,,674.0,1.0,,1.0
,Deivid Washington de Souza Eugênio,,2.0,1.0,,1.0
,Denis Franchi,,0.0,,,
,Dennis Cirkin,,0.0,,,
,Dermot Mee,,0.0,,,
,Destiny Udogie,,79.0,1.0,,1.0
,Detlef Esapa Osong,,0.0,,,
,Devan Tanton,,0.0,,,
,Diego Cavalieri,,0.0,,,
,Diego Manuel Jadon da Silva Moreira,,0.0,,,
,Dilan Markanday,,0.0,,,
,Dimitrios Konstantopoulos,,0.0,,,
,Diogo Pinheiro Monteiro,,0.0,,,
,Dion Henry,,0.0,,,
,Dion Sanderson,,0.0,,,
,Dionatan do Nascimento Teixeira,,0.0,,,
,Dominic Dos Santos Martins,,0.0,,,
,Dominic Sadi,,1.0,1.0,,1.0
,Dominik Szoboszlai,,97.0,1.0,,1.0
,Dovydas Sasnauskas,,0.0,,,
,Dujon Sterling,,0.0,,,
,Dusan Kuciak,,0.0,,,
,Dynel Simeu,,0.0,,,
,Ed Turns,,0.0,,,
,Eddie Beach,,0.0,,,
,Edson Álvarez Velázquez,,62.0,1.0,,1.0
,Eduardo Dos Reis Carvalho,,0.0,,,
,Eduardo dos Reis Carvalho,,0.0,,,
,Edward Nketiah,,129.0,1.0,,1.0
,Elia Caprile,,0.0,,,
,Elijah Adebayo,,90.0,1.0,,1.0
,Elijah Campbell,,0.0,,,
,Ellery Balcombe,,0.0,,,
,Elliot Embleton,,0.0,,,
,Elliot Thorpe,,0.0,,,
,Elliott Moore,,0.0,,,
,Emerson Leite de Souza Junior,,112.0,1.0,,1.0
,Emile Smith-Rowe,,0.0,,,
,Emiliano Buendía,,94.0,1.0,,1.0
,Emiliano Martínez Romero,,250.0,1.0,,1.0
,Enes Ünal,,34.0,1.0,,1.0
,Enock Agyei,,0.0,,,
,Enso González,,0.0,,,
,Erdal Rakip,,0.0,,,
,Erwin Mulder,,0.0,,,
,Ethan Brierley,,0.0,,,
,Ethan Horvath,,0.0,,,
,Ethan Robson,,0.0,,,
,Ethan Wady,,0.0,,,
,Ethan Wheatley,,2.0,1.0,,1.0
,Euan Pollock,,0.0,,,
,Eunan O'Kane,,0.0,,,
,Fabian Mrozek,,0.0,,,
,Fabio Silva,,102.0,1.0,,1.0
,Facundo Pellistri Rebollo,,17.0,1.0,,1.0
,Felix Nmecha,,0.0,,,
,Filip Benkovic,,0.0,,,
,Filip Marschall,,0.0,,,
,Fin Stevens,,0.0,,,
,Finley Munroe,,0.0,,,
,Fletcher Holman,,0.0,,,
,Florin Gardos,,0.0,,,
,Fodé Ballo-Touré,,4.0,1.0,,1.0
,Franck Tabanou,,0.0,,,
,Franco Umeh-Chibueze,,0.0,,,
,Frankie Maguire,,0.0,,,
,Fred Onyedinma,,9.0,1.0,,1.0
,Frederick Woodman,,0.0,,,
,Frederik Alves,,0.0,,,
,Fredrik Ulvestad,,0.0,,,
,Gabriel Osho,,40.0,1.0,,1.0
,Gabriel Słonina,,0.0,,,
,Garang Kuol,,0.0,,,
,Gavin Kilkenny,,0.0,,,
,George Earthy,,1.0,1.0,,1.0
,George Marsh,,0.0,,,
,George Shelvey,,0.0,,,
,George Thomas,,0.0,,,
,George Wickens,,0.0,,,
,Gerhard Tremmel,,0.0,,,
,Giedrius Arlauskis,,0.0,,,
,Giovanni McGregor,,0.0,,,
,Giovanni Reyna,,13.0,1.0,,1.0
,Glen Rea,,0.0,,,
,Gonzalo Montiel,,23.0,1.0,,1.0
,Gonçalo Manuel Ganchinho Guedes,,29.0,1.0,,1.0
,Greg Halford,,0.0,,,
,Greg Luer,,0.0,,,
,Greg Olley,,0.0,,,
,Guglielmo Vicario,,102.0,1.0,,1.0
,Guillermo Varela,,0.0,,,
,Gustavo Hamer,,104.0,1.0,,1.0
,Gökhan Inler,,0.0,,,
,Habeeb Ogunneye,,0.0,,,
,Han-Noah Massengo,,3.0,1.0,,1.0
,Hannes Delcroix,,7.0,1.0,,1.0
,Harry Amass,,0.0,,,
,Harry Boyes,,0.0,,,
,Harry Bunn,,0.0,,,
,Harry Lewis,,0.0,,,
,Harry Tyrer,,0.0,,,
,Harvey Davies,,0.0,,,
,Harvey Griffiths,,0.0,,,
,Harvey Vale,,0.0,,,
,Haydon Roberts,,0.0,,,
,Hee-Chan Hwang,,81.0,1.0,,1.0
,Heung-Min Son,,1166.0,1.0,,1.0
,Heurelho da Silva Gomes,,0.0,,,
,Hiram Boateng,,0.0,,,
,Hjalmar Ekdal,,15.0,1.0,,1.0
,Hugo Bueno López,,69.0,1.0,,1.0
,Hwang Ui-jo,,0.0,,,
,Hákon Valdimarsson,,0.0,,,
,Hélder Wander Sousa de Azevedo e Costa,,64.0,1.0,,1.0
,Ian Maatsen,,11.0,1.0,,1.0
,Ibrahim Sangaré,,24.0,1.0,,1.0
,Igor Julio dos Santos de Paulo,,33.0,1.0,,1.0
,Imari Samuels,,0.0,,,
,Ionuț Radu,,2.0,1.0,,1.0
,Ishé Samuels-Smith,,0.0,,,
,Ismaila Coulibaly,,0.0,,,
,Ismaïla Sarr,,107.0,1.0,,1.0
,Issa Kaboré,,34.0,1.0,,1.0
,Ivan Neves Abreu Cavaleiro,,0.0,,,
,Ivan Ricardo Neves Abreu Cavaleiro,,85.0,1.0,,1.0
,Ivo Grbic,,15.0,1.0,,1.0
,Jack Grieves,,0.0,,,
,Jack Jenkins,,0.0,,,
,Jack Payne,,0.0,,,
,Jack Rose,,0.0,,,
,Jack Walton,,0.0,,,
,Jack Wells-Morrison,,0.0,,,
,Jack Young,,0.0,,,
,Jackson Smith,,0.0,,,
,Jacob Brown,,39.0,1.0,,1.0
,Jacob Bruun Larsen,,74.0,1.0,,1.0
,Jacob Maddox,,0.0,,,
,Jacob Wright,,0.0,,,
,Jadan Raymond,,0.0,,,
,Jake Cain,,0.0,,,
,Jake Eastwood,,0.0,,,
,Jake Hesketh,,0.0,,,
,Jake O'Brien,,0.0,,,
,Jakob Haugaard,,0.0,,,
,Jakub Ojrzynski,,0.0,,,
,Jamal Baptiste,,0.0,,,
,James Chester,,0.0,,,
,James Daly,,0.0,,,
,James Furlong,,0.0,,,
,James Hill,,5.0,1.0,,1.0
,James McConnell,,3.0,1.0,,1.0
,James Morris,,0.0,,,
,James Shea,,0.0,,,
,James Storer,,0.0,,,
,James Sweet,,0.0,,,
,James Trafford,,70.0,1.0,,1.0
,James Weir,,0.0,,,
,James Wilson,,0.0,,,
,James Wright,,0.0,,,
,Jamie Bowden,,0.0,,,
,Jamie Donley,,2.0,1.0,,1.0
,Jamie McDonnell,,0.0,,,
,Jamie Sterry,,0.0,,,
,Jan Zamburek,,0.0,,,
,Jarell Quansah,,25.0,1.0,,1.0
,Jaroslaw Jach,,0.0,,,
,Jarosław Jach,,0.0,,,
,Jason Lokilo,,0.0,,,
,Javier Manquillo Gaitán,,4.0,1.0,,1.0
,Jay-Roy Grot,,0.0,,,
,Jayden Danns,,1.0,1.0,,1.0
,Jayden Luker,,0.0,,,
,Jean Michaël Seri,,0.0,,,
,Jean-Ricner Bellegarde,,42.0,1.0,,1.0
,Jeff Reine-Adelaide,,0.0,,,
,Jefferson Lerma Solís,,164.0,1.0,,1.0
,Jensen Weir,,0.0,,,
,Jenson Metcalfe,,0.0,,,
,Jeremiah Chilokoa-Mullen,,0.0,,,
,Jeremy Sarmiento Morante,,16.0,1.0,,1.0
,Ji-Soo Kim,,0.0,,,
,Jili Buyabu,,0.0,,,
,Jimi Tauriainen,,1.0,1.0,,1.0
,Jimmy Morgan,,0.0,,,
,Jiri Skalak,,0.0,,,
,Joe Gardner,,0.0,,,
,Joe Gauci,,0.0,,,
,Joe Hodge,,0.0,,,
,Joe Hugill,,0.0,,,
,Joe Powell,,0.0,,,
,Joe Taylor,,0.0,,,
,Joe Tupper,,0.0,,,
,Joe White,,3.0,1.0,,1.0
,Joe Whitworth,,0.0,,,
,Joe Williams,,0.0,,,
,Joe Wormleighton,,0.0,,,
,Joel Campbell,,0.0,,,
,Joel Taylor,,0.0,,,
,Johann Berg Gudmundsson,,369.0,1.0,,1.0
,John McAtee,,0.0,,,
,John Obi Mikel,,0.0,,,
,John-Kymani Gordon,,0.0,,,
,Jon McCracken,,0.0,,,
,Jonathan Panzo,,0.0,,,
,Jonathan Tomkinson,,0.0,,,
,Jonathan Williams,,0.0,,,
,Jordan Amissah,,0.0,,,
,Jordan Beyer,,30.0,1.0,,1.0
,Jordan Clark,,42.0,1.0,,1.0
,Jordan Smith,,0.0,,,
,Jordan Stevens,,0.0,,,
,Jordi Osei-Tutu,,0.0,,,
,Jose Angel Esmoris Tasende,,0.0,,,
,Joseph Anang,,0.0,,,
,Joseph Gomez,,334.0,1.0,,1.0
,Joseph Hungbo,,0.0,,,
,Joseph Johnson,,1.0,1.0,,1.0
,Joseph McGlynn,,0.0,,,
,Joseph Willock,,206.0,1.0,,1.0
,Josh Bowler,,0.0,,,
,Josh Brooking,,0.0,,,
,Josh Clackstone,,0.0,,,
,Josh Feeney,,0.0,,,
,Josh Knight,,0.0,,,
,Josh Pask,,0.0,,,
,Josh Powell,,0.0,,,
,Josh Robson,,0.0,,,
,Josh Wilson-Esbrand,,0.0,,,
,Joshua Duffus,,0.0,,,
,Joshua Onomah,,5.0,1.0,,1.0
,Joshua Sims,,31.0,1.0,,1.0
,Joshua Wilson-Esbrand,,0.0,,,
,José Diogo Dalot Teixeira,,85.0,1.0,,1.0
,José Izquierdo,,1.0,1.0,,1.0
,Joy Mukena,,0.0,,,
,João Manuel Neves Virgínia,,0.0,,,
,João Neves Virgínia,,0.0,,,
,Joško Gvardiol,,94.0,1.0,,1.0
,Juan Carlos Paredes,,0.0,,,
,Juan Cuadrado,,0.0,,,
,Julian Jeanvier,,0.0,,,
,Julien de Sart,,0.0,,,
,Junior Firpo Adames,,30.0,1.0,,1.0
,Jurriën Timber,,0.0,,,
,Justin Hubner,,0.0,,,
,Justin Kluivert,,96.0,1.0,,1.0
,Jérémy Doku,,88.0,1.0,,1.0
,Kacper Kozłowski,,0.0,,,
,Kadan Young,,0.0,,,
,Kaden Rodney,,0.0,,,
,Kaelan Casey,,0.0,,,
,Kaine Hayden,,0.0,,,
,Kaine Kesler Hayden,,0.0,,,
,Kaine Kesler-Hayden,,2.0,1.0,,1.0
,Kamil Conteh,,0.0,,,
,Kamil Miazek,,0.0,,,
,Kane Wilson,,0.0,,,
,Karl Hein,,0.0,,,
,Karlo Ziger,,0.0,,,
,Kazaiah Sterling,,0.0,,,
,Kell Watts,,0.0,,,
,Keshi Anderson,,0.0,,,
,Kgaogelo Chauke,,0.0,,,
,Kiano Dyer,,0.0,,,
,Kieran O'Hara,,0.0,,,
,Killian Phillips,,0.0,,,
,Kjell Scherpen,,0.0,,,
,Kofi Balmer,,0.0,,,
,Kris Moore,,0.0,,,
,Kristian Sekularac,,0.0,,,
,Krisztián Hegyi,,0.0,,,
,Kwadwo Baah,,0.0,,,
,Kyle Jameson,,0.0,,,
,Kyle John,,0.0,,,
,Kyle Scott,,0.0,,,
,Kyle Taylor,,0.0,,,
,Kyron Gordon,,0.0,,,
,Lamare Bogarde,,0.0,,,
,Lawrence Vigouroux,,0.0,,,
,Layton Ndukwu,,0.0,,,
,Leigh Kavanagh,,0.0,,,
,Leighton Clarkson,,0.0,,,
,Leo Castledine,,0.0,,,
,Leon Chiwome,,5.0,1.0,,1.0
,Leonardo Campana,,0.0,,,
,Lesley Ugochukwu,,11.0,1.0,,1.0
,Lewis Cass,,0.0,,,
,Lewis Gibson,,0.0,,,
,Lewis Koumas,,0.0,,,
,Lewis Orford,,0.0,,,
,Lewis Payne,,0.0,,,
,Lewis Richards,,0.0,,,
,Lewis Warrington,,0.0,,,
,Liam Gibbs,,0.0,,,
,Liam Gibson,,0.0,,,
,Liam Hughes,,0.0,,,
,Lino Sousa,,0.0,,,
,Lloyd Isgrove,,0.0,,,
,Lorenz Assignon,,25.0,1.0,,1.0
,Louie Marsh,,0.0,,,
,Louie Moulden,,0.0,,,
,Louie Watson,,0.0,,,
,Louis Jackson,,0.0,,,
,Lovre Kalinic,,0.0,,,
,Loïc Badé,,0.0,,,
,Loïc Mbe Soh,,0.0,,,
,Luc De Fougerolles,,0.0,,,
,Luca Barrington,,0.0,,,
,Luca De La Torre,,0.0,,,
,Luca Koleosho,,40.0,1.0,,1.0
,Lucas Bergström,,0.0,,,
,Lucas De Bolle,,0.0,,,
,Lucas Perri,,0.0,,,
,Lucas Torreira di Pascua,,0.0,,,
,Luis Sinisterra Lucumí,,53.0,1.0,,1.0
,Lukas Jensen,,0.0,,,
,Luke Berry,,30.0,1.0,,1.0
,Luke Chambers,,0.0,,,
,Luke Garbutt,,0.0,,,
,Luke Mbete,,0.0,,,
,Luke Mbete-Tabu,,0.0,,,
,Luke McGee,,0.0,,,
,Luke McNally,,0.0,,,
,Luke Plange,,0.0,,,
,Lyanco Silveira Neves Vojnovic,,29.0,1.0,,1.0
,Lyle Foster,,71.0,1.0,,1.0
,Lyle Taylor,,0.0,,,
,Mace Goodridge,,0.0,,,
,Mackenzie Hunt,,0.0,,,
,Mads Juel Andersen,,15.0,1.0,,1.0
,Mahamadou Susoho,,0.0,,,
,Mahmoud Dahoud,,14.0,1.0,,1.0
,Maksymilian Stryjek,,0.0,,,
,Malo Gusto,,61.0,1.0,,1.0
,Mamadou Obbi Oularé,,0.0,,,
,Manuel Benson Hedilazio,,7.0,1.0,,1.0
,Marc Cucurella Saseta,,102.0,1.0,,1.0
,Marc Jurado Gomez,,0.0,,,
,Marc Leonard,,0.0,,,
,Marcel Lavinier,,0.0,,,
,Marcelo Flores,,0.0,,,
,Marcelo de Araújo Pitaluga Filho,,0.0,,,
,Marco Van Ginkel,,0.0,,,
,Marcus Browne,,0.0,,,
,Mario Balotelli,,0.0,,,
,Mario Suárez,,0.0,,,
,Mark Duffy,,0.0,,,
,Mark Flekken,,115.0,1.0,,1.0
,Mark Gillespie,,0.0,,,
,Mark Hudson,,0.0,,,
,Mark O’Mahony,,2.0,1.0,,1.0
,Martial Godo,,0.0,,,
,Marvin Emnes,,0.0,,,
,Mason Burstow,,2.0,1.0,,1.0
,Matej Kovár,,0.0,,,
,Mateusz Bogusz,,0.0,,,
,Mateusz Hewelt,,0.0,,,
,Mateusz Lis,,0.0,,,
,Matheus França de Oliveira,,16.0,1.0,,1.0
,Matija Sarkic,,0.0,,,
,Matija Šarkić,,0.0,,,
,Matt Butcher,,0.0,,,
,Matt Clarke,,0.0,,,
,Matt Macey,,0.0,,,
,Matt Miazga,,0.0,,,
,Matt Turner,,41.0,1.0,,1.0
,Matteo Guendouzi,,95.0,1.0,,1.0
,Matthew Cash,,236.0,1.0,,1.0
,Matthew Clarke,,0.0,,,
,Matthew Connolly,,0.0,,,
,Matthew Cox,,0.0,,,
,Matthew Dibley-Dias,,0.0,,,
,Matthew Pollock,,0.0,,,
,Matthew Smith,,0.0,,,
,Matthew Whittingham,,0.0,,,
,Matthew Willock,,0.0,,,
,Matz Sels,,31.0,1.0,,1.0
,Mauro Bandeira,,0.0,,,
,Max Kinsey,,0.0,,,
,Max Kinsey-Wellings,,0.0,,,
,Max Melbourne,,0.0,,,
,Max Sanders,,0.0,,,
,Maxime Esteve,,14.0,1.0,,1.0
,Maximillian Aarons,,66.0,1.0,,1.0
,Maxwell Haygarth,,0.0,,,
,Mazeed Ogungbo,,0.0,,,
,Mbwana Ally Samatta,,0.0,,,
,Meritan Shabani,,0.0,,,
,Micah Hamilton,,0.0,,,
,Michael Dacosta Gonzalez,,0.0,,,
,Michael Ledger,,0.0,,,
,Michael Ndiweni,,1.0,1.0,,1.0
,Michael Olakigbe,,8.0,1.0,,1.0
,Michael Phillips,,0.0,,,
,Michael Simões Domingues,,0.0,,,
,Michael Verrips,,0.0,,,
,Michal Karbownik,,0.0,,,
,Michał Karbownik,,0.0,,,
,Micky van de Ven,,63.0,1.0,,1.0
,Miguel Almirón Rejala,,233.0,1.0,,1.0
,Miguel Azeez,,0.0,,,
,Mihai-Alexandru Dobre,,0.0,,,
,Mika Biereth,,0.0,,,
,Mike Trésor,,19.0,1.0,,1.0
,Mikey Moore,,0.0,,,
,Milos Kerkez,,59.0,1.0,,1.0
,Mohamed Dräger,,0.0,,,
,Mohamed Naser El Sayed Elneny,,77.0,1.0,,1.0
,Mohammed Kudus,,125.0,1.0,,1.0
,Moisés Caicedo Corozo,,144.0,1.0,,1.0
,Morgan Rogers,,35.0,1.0,,1.0
,Moses Makasi,,0.0,,,
,Moses Odubajo,,0.0,,,
,Mouez Hassen,,0.0,,,
,Moussa Diaby,,135.0,1.0,,1.0
,Muhamed Besic,,2.0,1.0,,1.0
,Murillo Santiago Costa dos Santos,,55.0,1.0,,1.0
,Myles Lewis-Skelly,,0.0,,,
,Myles Peart-Harris,,3.0,1.0,,1.0
,Nathan Bishop,,0.0,,,
,Nathan Butler-Oyedeji,,0.0,,,
,Nathan Fraser,,7.0,1.0,,1.0
,Nathan Trott,,0.0,,,
,Nico O'Reilly,,0.0,,,
,Nicolas Jackson,,133.0,1.0,,1.0
,Nicolás Domínguez,,67.0,1.0,,1.0
,Nicolò Zaniolo,,33.0,1.0,,1.0
,Nigel Lonwijk,,0.0,,,
,Niki Mäenpää,,0.0,,,
,Nikola Tavares,,0.0,,,
,Nikola Vlasic,,48.0,1.0,,1.0
,Nile John,,0.0,,,
,Nnamdi Ofoborh,,0.0,,,
,Noha Lemina,,0.0,,,
,Nohan Kenneh,,-1.0,,,
,Noor Husin,,0.0,,,
,Norberto Bercique Gomes Betuncal,,49.0,1.0,,1.0
,Nya Kirby,,0.0,,,
,Odysseas Vlachodimos,,12.0,1.0,,1.0
,Oliver Arblaster,,16.0,1.0,,1.0
,Oliver Casey,,0.0,,,
,Oliver Hammond,,0.0,,,
,Oliver Scarles,,0.0,,,
,Oliwier Zych,,0.0,,,
,Ollie Harrison,,0.0,,,
,Olu Aina,,44.0,1.0,,1.0
,Olufela Olomola,,0.0,,,
,Oluwasemilogo Adesewo Ibidapo Ajayi,,51.0,1.0,,1.0
,Oluwaseyi Ojo,,0.0,,,
,Oluwatosin Adarabioyo,,0.0,,,
,Omar Bogle,,0.0,,,
,Omar Richards,,0.0,,,
,Omari Forson,,6.0,1.0,,1.0
,Omari Kellyman,,1.0,1.0,,1.0
,Oscar dos Santos Emboaba Junior,,17.0,1.0,,1.0
,Owen Beck,,1.0,1.0,,1.0
,Owen Dodgson,,0.0,,,
,Owen Goodman,,0.0,,,
,Owen Hampson,,0.0,,,
,Owen Hesketh,,0.0,,,
,Pablo Fornals Malla,,90.0,1.0,,1.0
,Pablo Maffeo,,0.0,,,
,Pablo Marí Villar,,0.0,,,
,Panagiotis Retsos,,0.0,,,
,Paris Maghoma,,0.0,,,
,Patrik Gunnarsson,,0.0,,,
,Pau López Sabata,,0.0,,,
,Pau Torres,,84.0,1.0,,1.0
,Paulo Gazzaniga Farias,,0.0,,,
,Pedro Chirivella,,0.0,,,
,Pelenda Joshua Dasilva,,7.0,1.0,,1.0
,Pelly Ruddock Mpanzu,,34.0,1.0,,1.0
,Philip Heise,,0.0,,,
,Philip Zinckernagel,,0.0,,,
,Philippe Coutinho Correia,,117.0,1.0,,1.0
,Philippe Sandler,,0.0,,,
,Pierluigi Gollini,,0.0,,,
,Pierre Ekwah,,0.0,,,
,Pontus Dahlberg,,0.0,,,
,Radek Vítek,,0.0,,,
,Radu Dragusin,,6.0,1.0,,1.0
,Rafa Mir,,0.0,,,
,Raphael Spiegel,,0.0,,,
,Rasmus Højlund,,97.0,1.0,,1.0
,Rayan Ait Nouri,,141.0,1.0,,1.0
,Rayhaan Tulloch,,0.0,,,
,Reece Burke,,40.0,1.0,,1.0
,Reece Hannam,,0.0,,,
,Reece Welch,,0.0,,,
,Remi Matthews,,1.0,1.0,,1.0
,Rene Gilmartin,,0.0,,,
,Reuell Walters,,0.0,,,
,Rhu-endly Martina,,0.0,,,
,Rhys Bennett,,0.0,,,
,Rhys Norrington-Davies,,2.0,1.0,,1.0
,Richard Nartey,,0.0,,,
,Richard Stearman,,0.0,,,
,Richie Laryea,,0.0,,,
,Ritchie de Laet,,0.0,,,
,Robert Green,,0.0,,,
,Robert Street,,0.0,,,
,Roderick Jefferson Gonçalves Miranda,,0.0,,,
,Rodrigo Duarte Ribeiro,,3.0,1.0,,1.0
,Rodrigo Muniz Carvalho,,94.0,1.0,,1.0
,Romain Faivre,,4.0,1.0,,1.0
,Romaine Mundle,,0.0,,,
,Romelu Lukaku Bolingoli,,0.0,,,
,Romeo Lavia,,0.0,,,
,Ronnie Stutter,,0.0,,,
,Roshaun Mathurin,,0.0,,,
,Rouwen Hennings,,0.0,,,
,Rui Pedro da Rocha Fonte,,0.0,,,
,Ryan Alebiosu,,0.0,,,
,Ryan Astley,,0.0,,,
,Ryan Finnigan,,0.0,,,
,Ryan Giles,,11.0,1.0,,1.0
,Ryan Gravenberch,,43.0,1.0,,1.0
,Ryan Inniss,,0.0,,,
,Ryan John Giles,,0.0,,,
,Ryan Oné,,1.0,1.0,,1.0
,Ryan Schofield,,0.0,,,
,Ryan Trevitt,,0.0,,,
,Salah-Eddine Oulad M'hand,,0.0,,,
,Sam Curtis,,0.0,,,
,Sam Hughes,,0.0,,,
,Sam Proctor,,0.0,,,
,Sam Waller,,0.0,,,
,Sam Woods,,0.0,,,
,Sammy Braybrooke,,0.0,,,
,Samuel Bastien,,0.0,,,
,Samuel Shashoua,,0.0,,,
,Samy Chouchane,,0.0,,,
,Sandro Tonali,,16.0,1.0,,1.0
,Santiago Bueno,,12.0,1.0,,1.0
,Sasa Lukic,,15.0,1.0,,1.0
,Scott Banks,,0.0,,,
,Scott Twine,,0.0,,,
,Sead Haksabanovic,,0.0,,,
,Sean McAllister,,0.0,,,
,Sean Scannell,,0.0,,,
,Sebastian Revan,,0.0,,,
,Sepp van den Berg,,0.0,,,
,Serge Gnabry,,0.0,,,
,Sergi Canós Tenés,,5.0,1.0,,1.0
,Shane Flynn,,0.0,,,
,Shaqai Forde,,0.0,,,
,Shaun MacDonald,,0.0,,,
,Siem de Jong,,0.0,,,
,Sil Swinkels,,0.0,,,
,Simon Adingra,,91.0,1.0,,1.0
,Sofyan Amrabat,,21.0,1.0,,1.0
,Solomon March,,336.0,1.0,,1.0
,Stanley Mills,,0.0,,,
,Stefan Parkes,,0.0,,,
,Stephen Henderson,,0.0,,,
,Steve Sidwell,,0.0,,,
,Steven Benda,,0.0,,,
,Steven Berghuis,,0.0,,,
,Stipe Perica,,0.0,,,
,Stuart Taylor,,0.0,,,
,Sydie Peck,,1.0,1.0,,1.0
,Sylvester Jasper,,0.0,,,
,Sébastien Pocognoli,,0.0,,,
,Takuma Asano,,0.0,,,
,Tanguy Ndombélé Alvaro,,0.0,,,
,Tashan Oakley-Boothe,,0.0,,,
,Tawanda Chirewa,,8.0,1.0,,1.0
,Tawanda Maswanhise,,0.0,,,
,Taylan Harris,,0.0,,,
,Taylor Gardner-Hickman,,0.0,,,
,Taylor Harwood-Bellis,,0.0,,,
,Taylor Perry,,0.0,,,
,Tayo Adaramola,,0.0,,,
,Ted Curd,,0.0,,,
,Teddy Jenks,,0.0,,,
,Teddy Sharman-Lowe,,0.0,,,
,Teden Mengi,,40.0,1.0,,1.0
,Temple Ojinnaka,,0.0,,,
,Tendayi Darikwa,,0.0,,,
,Terry Ablade,,0.0,,,
,Thanawat Suengchitthawon,,0.0,,,
,Thibaud Verlinden,,0.0,,,
,Thierry Small,,0.0,,,
,Thomas Allan,,0.0,,,
,Thomas Dickson-Peters,,0.0,,,
,Thomas Kaminski,,84.0,1.0,,1.0
,Thomas McGill,,0.0,,,
,Thomas Robson,,0.0,,,
,Thomas Strakosha,,4.0,1.0,,1.0
,Tiago Çukur,,0.0,,,
,Timothy Eyoma,,0.0,,,
,Tino Livramento,,125.0,1.0,,1.0
,Tobi Omole,,0.0,,,
,Toby Collyer,,0.0,,,
,Toby King,,0.0,,,
,Tokelo Rantie,,0.0,,,
,Tom King,,0.0,,,
,Tom Lockyer,,23.0,1.0,,1.0
,Tom McGill,,0.0,,,
,Tommi O'Reilly,,0.0,,,
,Tommie Hoban,,0.0,,,
,Travis Hernes,,0.0,,,
,Travis Patterson,,0.0,,,
,Treymaurice Nyoni,,0.0,,,
,Tristan Crama,,0.0,,,
,Tudor Baluta,,0.0,,,
,Ty Barnett,,0.0,,,
,Tyias Browning,,0.0,,,
,Tyler Dibling,,0.0,,,
,Tyreece John-Jules,,0.0,,,
,Tyrique George,,0.0,,,
,Valentín Barco,,2.0,1.0,,1.0
,Valintino Adedokun,,0.0,,,
,Victor da Silva,,54.0,1.0,,1.0
,Viktor Gyokeres,,0.0,,,
,Viljami Sinisalo,,0.0,,,
,Vincent Angelini,,0.0,,,
,Vini de Souza Costa,,70.0,1.0,,1.0
,Vladimir Coufal,,256.0,1.0,,1.0
,Vontae Daley-Campbell,,0.0,,,
,Wanya Marçal-Madivadua,,0.0,,,
,Wataru Endo,,43.0,1.0,,1.0
,Wes Foderingham,,63.0,1.0,,1.0
,Wesley Moraes Ferreira da Silva,,0.0,,,
,Wesley Okoduwa,,0.0,,,
,Will Dennis,,0.0,,,
,Will Ferry,,0.0,,,
,Will Smallbone,,0.0,,,
,William Osula,,25.0,1.0,,1.0
,Willian Borges da Silva,,209.0,1.0,,1.0
,Willy Kambwala,,4.0,1.0,,1.0
,Wilson Odobert,,78.0,1.0,,1.0
,Xande Nascimento da Costa Silva,,0.0,,,
,Yago de Santiago Alonso,,0.0,,,
,Yasser Larouci,,9.0,1.0,,1.0
,Yaya Sanogo,,0.0,,,
,Yegor Yarmoliuk,,31.0,1.0,,1.0
,Yegor Yarmolyuk,,0.0,,,
,Yerson Mosquera,,0.0,,,
,Yerson Mosquera Valdelamar,,0.0,,,
,Yoan Gouffran,,0.0,,,
,Youssef Ramalho Chermiti,,14.0,1.0,,1.0
,Zach Awe,,0.0,,,
,Zachary Dearnley,,0.0,,,
,Zack Nelson,,2.0,1.0,,1.0
,Zak Brunt,,0.0,,,
,Zak Sturge,,0.0,,,
,Zak Swanson,,0.0,,,
,Zech Medley,,0.0,,,
,Zeki Amdouni,,82.0,1.0,,1.0
,Zeze Steven Sessegnon,,0.0,,,
,Zidane Iqbal,,0.0,,,
,Álvaro Fernández Carreras,,0.0,,,
,Ângelo Gabriel Borges Damaceno,,0.0,,,
,Đorđe Petrović,,65.0,1.0,,1.0
